volume,Time,flow
680.8,2005-02-24 12:00:00,0.42225
628.9,2005-02-24 13:00:00,0.48775
523.4,2005-02-24 14:00:00,0.541
576.3,2005-02-24 15:00:00,0.58875
462.6,2005-02-24 16:00:00,0.614
289.4,2005-02-24 17:00:00,0.623
104.5,2005-02-24 18:00:00,0.61725
88.5,2005-02-24 19:00:00,0.612
57.7,2005-02-24 20:00:00,0.59675
119.5,2005-04-15 20:00:00,0.18100000000000002
1038.8,2005-04-15 21:00:00,0.2635
1631.7,2005-04-15 22:00:00,0.373
1215.3,2005-04-15 23:00:00,0.4925
836.5,2005-04-16 00:00:00,0.59325
621.7,2005-04-16 01:00:00,0.6545
220.0,2005-04-16 02:00:00,0.68325
7.4,2005-04-16 03:00:00,0.68625
435.0,2005-04-20 06:00:00,0.67175
616.6,2005-04-20 07:00:00,0.75625
456.5,2005-04-20 08:00:00,0.809
405.4,2005-04-20 09:00:00,0.82875
267.6,2005-04-20 10:00:00,0.8220000000000001
85.0,2005-04-20 11:00:00,0.7985
15.4,2005-04-20 12:00:00,0.76875
728.6,2005-05-02 16:00:00,0.254
783.2,2005-05-02 17:00:00,0.4575
253.2,2005-05-02 18:00:00,0.597
260.2,2005-05-02 19:00:00,0.68175
71.8,2005-05-02 20:00:00,0.7235
21.1,2005-05-03 15:00:00,0.311
438.2,2005-05-03 16:00:00,0.381
86.6,2005-05-03 17:00:00,0.42125
398.9,2005-06-12 18:00:00,0.05625
7.1,2005-06-12 20:00:00,0.08075
411.4,2005-06-19 19:00:00,0.0445
535.7,2005-06-19 20:00:00,0.06625
4.8,2005-06-19 21:00:00,0.08175
38.4,2005-06-19 22:00:00,0.09125
1240.8,2005-06-29 01:00:00,0.05325
16.9,2005-06-29 02:00:00,0.07125
178.1,2005-06-29 03:00:00,0.08275
1.5,2005-06-29 04:00:00,0.08925
2208.3,2005-07-05 18:00:00,0.08325
2133.1,2005-07-05 19:00:00,0.138
874.3,2005-07-05 20:00:00,0.1805
441.0,2005-07-05 21:00:00,0.20675
188.0,2005-07-05 22:00:00,0.22
47.6,2005-07-05 23:00:00,0.22375
583.3,2005-07-06 16:00:00,0.13425
1461.0,2005-07-06 17:00:00,0.205
723.8,2005-07-06 18:00:00,0.26075
774.7,2005-07-06 19:00:00,0.30625
646.5,2005-07-06 20:00:00,0.34525
483.7,2005-07-06 21:00:00,0.3685
204.5,2005-07-06 22:00:00,0.376
2.2,2005-07-06 23:00:00,0.37175
1216.4,2005-07-18 15:00:00,0.0735
849.9,2005-07-18 16:00:00,0.1165
158.8,2005-07-18 17:00:00,0.14375
212.7,2005-07-18 18:00:00,0.15975
92.0,2005-07-18 19:00:00,0.16675
410.2,2005-07-28 07:00:00,0.15025
751.1,2005-07-28 08:00:00,0.2105
1084.9,2005-07-28 09:00:00,0.26925
636.7,2005-07-28 10:00:00,0.3305
1151.3,2005-07-28 11:00:00,0.39225
1719.3,2005-07-28 12:00:00,0.4625
1107.7,2005-07-28 13:00:00,0.514
867.2,2005-07-28 14:00:00,0.55375
867.2,2005-07-28 15:00:00,0.5875
1142.6,2005-07-28 16:00:00,0.61975
2595.0,2005-07-28 17:00:00,0.70825
3463.0,2005-07-28 18:00:00,0.8635
2552.5,2005-07-28 19:00:00,0.9890000000000001
3103.8,2005-07-28 20:00:00,1.15175
1704.0,2005-07-28 21:00:00,1.26225
1103.1,2005-07-28 22:00:00,1.3235
727.7,2005-07-28 23:00:00,1.33075
354.6,2005-07-29 00:00:00,1.3015
67.7,2005-07-29 01:00:00,1.24575
157.5,2005-08-04 18:00:00,0.17475
191.8,2005-08-04 19:00:00,0.2665
2265.8,2005-08-22 08:00:00,0.19575
2195.4,2005-08-22 09:00:00,0.37175
1362.5,2005-08-22 10:00:00,0.51725
823.6,2005-08-22 11:00:00,0.60775
586.2,2005-08-22 12:00:00,0.655
426.8,2005-08-22 13:00:00,0.67225
288.4,2005-08-22 14:00:00,0.66625
87.8,2005-08-22 15:00:00,0.64525
8.7,2005-08-22 16:00:00,0.6145
508.2,2005-09-08 22:00:00,0.235
545.1,2005-09-08 23:00:00,0.27899999999999997
180.5,2005-09-09 00:00:00,0.3045
1.7,2005-09-09 01:00:00,0.3145
1220.8,2005-09-10 04:00:00,0.22375
1559.7,2005-09-10 05:00:00,0.35725
581.0,2005-09-10 06:00:00,0.4445
187.8,2005-09-10 07:00:00,0.50075
259.6,2005-09-10 08:00:00,0.53925
220.1,2005-09-10 09:00:00,0.55825
75.0,2005-09-10 10:00:00,0.55725
1.1,2005-09-10 11:00:00,0.545
250.2,2005-09-10 14:00:00,0.54175
919.2,2005-09-10 15:00:00,0.5855
725.2,2005-09-10 16:00:00,0.608
291.3,2005-09-10 17:00:00,0.6155
55.9,2005-09-10 18:00:00,0.60725
82.9,2005-09-15 17:00:00,0.45799999999999996
613.3,2005-09-15 18:00:00,0.527
1129.4,2005-09-15 19:00:00,0.60025
801.9,2005-09-15 20:00:00,0.65475
477.6,2005-09-15 21:00:00,0.68525
221.8,2005-09-15 22:00:00,0.6940000000000001
6.9,2005-09-15 23:00:00,0.6815
401.6,2005-10-21 11:00:00,0.27275
466.7,2005-10-24 05:00:00,0.5539999999999999
545.0,2005-10-24 06:00:00,0.725
1528.4,2005-10-24 07:00:00,0.91425
1709.5,2005-10-24 08:00:00,1.10675
1171.0,2005-10-24 09:00:00,1.25525
985.3,2005-10-24 10:00:00,1.369
848.6,2005-10-24 11:00:00,1.42225
500.0,2005-10-24 12:00:00,1.431
332.8,2005-10-24 13:00:00,1.40275
112.2,2005-10-24 14:00:00,1.34825
32.7,2005-10-24 15:00:00,1.27725
0.5,2005-10-24 16:00:00,1.19625
1057.0,2005-10-25 00:00:00,0.86775
1560.0,2005-10-25 01:00:00,1.0345
608.3,2005-10-25 02:00:00,1.1415
208.2,2005-10-25 03:00:00,1.20225
4.6,2005-10-25 04:00:00,1.21575
311.0,2005-10-25 08:00:00,1.1565
462.7,2005-10-25 09:00:00,1.1540000000000001
276.2,2005-10-25 10:00:00,1.126
74.3,2005-10-25 11:00:00,1.09175
45.8,2005-10-25 12:00:00,1.06
51.9,2005-10-25 13:00:00,1.0245
7.8,2005-10-25 14:00:00,0.976
93.5,2005-10-25 17:00:00,0.9215
1544.5,2005-10-25 18:00:00,1.0959999999999999
1274.3,2005-10-25 19:00:00,1.28975
1082.8,2005-10-25 20:00:00,1.46375
617.9,2005-10-25 21:00:00,1.55
222.2,2005-10-25 22:00:00,1.5725
9.2,2005-10-25 23:00:00,1.54875
1215.5,2005-11-08 17:00:00,0.73575
1534.0,2005-11-08 18:00:00,1.10175
1697.8,2005-11-08 19:00:00,1.4769999999999999
2066.9,2005-11-08 20:00:00,1.87425
2365.8,2005-11-08 21:00:00,2.29975
2487.4,2005-11-08 22:00:00,2.7510000000000003
1362.4,2005-11-08 23:00:00,3.07225
739.4,2005-11-09 00:00:00,3.2205
350.7,2005-11-09 01:00:00,3.24075
58.5,2005-11-09 02:00:00,3.16925
46.8,2006-02-24 10:00:00,0.66475
66.0,2006-02-24 11:00:00,0.6625
506.3,2006-03-15 03:00:00,0.80175
893.5,2006-03-15 04:00:00,0.99775
633.6,2006-03-15 05:00:00,1.14775
428.8,2006-03-15 06:00:00,1.24275
371.2,2006-03-15 07:00:00,1.284
304.1,2006-03-15 08:00:00,1.281
119.3,2006-03-15 09:00:00,1.2475
86.4,2006-03-15 10:00:00,1.194
50.9,2006-03-15 11:00:00,1.1275
2.9,2006-03-15 12:00:00,1.054
228.2,2006-05-13 09:00:00,0.134
247.9,2006-05-17 20:00:00,0.26899999999999996
618.5,2006-05-17 21:00:00,0.331
281.7,2006-05-17 22:00:00,0.36775
54.6,2006-05-17 23:00:00,0.3845
25.7,2006-05-22 07:00:00,0.36375
159.7,2006-05-22 09:00:00,0.49
118.2,2006-05-22 10:00:00,0.53625
580.8,2006-05-22 11:00:00,0.60025
716.7,2006-05-22 12:00:00,0.64725
423.5,2006-05-22 13:00:00,0.66625
185.9,2006-05-22 14:00:00,0.66625
26.8,2006-05-22 15:00:00,0.6565
1.6,2006-07-02 21:00:00,0.018000000000000002
1.6,2006-07-02 22:00:00,0.02
2324.8,2006-07-22 17:00:00,0.01425
1931.7,2006-07-22 18:00:00,0.0265
829.2,2006-07-22 19:00:00,0.036000000000000004
396.3,2006-07-22 20:00:00,0.042
168.2,2006-07-22 21:00:00,0.04625
59.4,2006-07-22 22:00:00,0.04775
265.2,2006-08-02 18:00:00,0.06475
402.8,2006-08-02 19:00:00,0.0725
70.2,2006-08-02 20:00:00,0.0765
1579.1,2006-08-17 16:00:00,0.055
1851.5,2006-08-17 17:00:00,0.0995
643.0,2006-08-17 18:00:00,0.1295
554.9,2006-08-17 19:00:00,0.14825
243.6,2006-08-17 20:00:00,0.1585
235.3,2006-08-17 21:00:00,0.16275
54.0,2006-08-17 22:00:00,0.162
25.0,2006-08-18 07:00:00,0.12225
1299.2,2006-08-18 08:00:00,0.1535
889.7,2006-08-18 09:00:00,0.192
882.8,2006-08-18 10:00:00,0.22875
847.6,2006-08-18 11:00:00,0.25475
560.7,2006-08-18 12:00:00,0.27675
831.5,2006-08-18 13:00:00,0.31
863.6,2006-08-18 14:00:00,0.331
427.8,2006-08-18 15:00:00,0.33799999999999997
147.4,2006-08-18 16:00:00,0.33425
39.1,2006-08-18 17:00:00,0.3235
9.5,2006-08-18 18:00:00,0.3075
0.7,2006-08-18 19:00:00,0.28975
1594.1,2006-08-21 17:00:00,0.28675
2272.0,2006-08-21 18:00:00,0.43675
1237.5,2006-08-21 19:00:00,0.561
600.1,2006-08-21 20:00:00,0.638
286.9,2006-08-21 21:00:00,0.67625
119.9,2006-08-21 22:00:00,0.6855
0.2,2006-08-21 23:00:00,0.67475
0.5,2006-08-23 19:00:00,0.19899999999999998
234.2,2006-08-23 20:00:00,0.2795
248.9,2006-08-23 21:00:00,0.33175
25.1,2006-08-23 22:00:00,0.36475
15.6,2006-08-31 08:00:00,0.21975
32.3,2006-08-31 10:00:00,0.35225
47.9,2006-08-31 11:00:00,0.3815
1784.4,2006-09-14 15:00:00,0.2725
932.8,2006-09-14 16:00:00,0.39899999999999997
187.2,2006-09-14 17:00:00,0.47775
179.9,2006-09-14 18:00:00,0.52075
116.7,2006-09-14 19:00:00,0.53825
9.1,2006-09-14 20:00:00,0.53675
423.4,2006-09-22 15:00:00,0.2005
2276.6,2006-09-22 16:00:00,0.32975
1893.0,2006-09-22 17:00:00,0.48125
900.6,2006-09-22 18:00:00,0.5870000000000001
590.1,2006-09-22 19:00:00,0.64675
344.9,2006-09-22 20:00:00,0.67275
95.7,2006-09-22 21:00:00,0.6745
2.7,2006-09-22 22:00:00,0.6625
484.7,2006-10-06 08:00:00,0.20525
487.2,2006-10-06 09:00:00,0.3215
60.8,2006-10-06 10:00:00,0.4125
442.9,2006-10-06 11:00:00,0.47675
165.7,2006-10-06 12:00:00,0.51225
16.4,2006-10-06 13:00:00,0.5235
2431.1,2006-10-20 07:00:00,0.56
1270.6,2006-10-20 08:00:00,0.84375
534.6,2006-10-20 09:00:00,1.023
582.8,2006-10-20 10:00:00,1.12275
345.6,2006-10-20 11:00:00,1.1635
358.1,2006-10-20 12:00:00,1.16375
140.3,2006-10-20 13:00:00,1.13525
17.5,2006-10-20 14:00:00,1.08775
283.3,2006-10-22 18:00:00,0.607
116.9,2006-10-22 19:00:00,0.682
0.3,2006-10-22 20:00:00,0.71875
453.7,2006-10-25 17:00:00,0.7415
1080.7,2006-10-25 18:00:00,0.93875
1842.3,2006-10-25 19:00:00,1.215
2162.7,2006-10-25 20:00:00,1.51
986.6,2006-10-25 21:00:00,1.71525
755.7,2006-10-25 22:00:00,1.828
357.1,2006-10-25 23:00:00,1.8605
50.8,2006-10-26 00:00:00,1.83725
79.2,2006-11-11 18:00:00,0.40825
31.9,2006-11-25 03:00:00,0.763
372.8,2006-11-25 04:00:00,0.88875
225.5,2006-11-25 05:00:00,0.971
52.0,2006-11-25 06:00:00,1.00525
3.6,2006-11-25 11:00:00,0.95125
378.9,2006-11-25 12:00:00,0.99175
423.9,2006-11-25 13:00:00,1.00475
92.9,2006-11-25 14:00:00,0.9895
320.6,2006-12-06 13:00:00,0.79275
270.1,2006-12-06 14:00:00,0.85925
112.4,2006-12-06 15:00:00,0.8865
5.5,2006-12-11 08:00:00,0.58975
370.4,2006-12-11 09:00:00,0.78875
544.6,2006-12-11 10:00:00,0.9225
202.0,2006-12-11 11:00:00,0.9945
70.2,2006-12-11 12:00:00,1.02175
1.8,2006-12-11 13:00:00,1.0165
134.8,2006-12-15 16:00:00,0.90825
581.8,2006-12-15 17:00:00,1.06725
859.8,2006-12-15 18:00:00,1.229
795.9,2006-12-15 19:00:00,1.41175
1326.6,2006-12-15 20:00:00,1.609
1327.3,2006-12-15 21:00:00,1.80325
865.9,2006-12-15 22:00:00,1.9475
642.8,2006-12-15 23:00:00,2.03125
365.3,2006-12-16 00:00:00,2.059
87.6,2006-12-16 01:00:00,2.02775
945.9,2006-12-30 02:00:00,0.8345
1072.6,2006-12-30 03:00:00,1.24975
116.1,2006-12-30 04:00:00,1.51425
139.2,2006-12-30 05:00:00,1.66425
7.3,2006-12-30 06:00:00,1.74675
353.4,2007-01-11 10:00:00,1.081
514.6,2007-01-11 11:00:00,1.2155
316.0,2007-01-11 12:00:00,1.32625
292.8,2007-01-11 13:00:00,1.38225
212.0,2007-01-11 14:00:00,1.38775
27.2,2007-01-11 15:00:00,1.3585
1205.3,2007-01-17 07:00:00,0.7625
9.3,2007-01-17 08:00:00,0.96375
119.6,2007-01-17 09:00:00,1.0825
109.9,2007-01-17 10:00:00,1.13975
7.6,2007-01-17 11:00:00,1.15275
274.9,2007-01-18 04:00:00,0.63075
2911.4,2007-01-18 05:00:00,1.1075
3014.9,2007-01-18 06:00:00,1.7305
3063.7,2007-01-18 07:00:00,2.3075
1628.7,2007-01-18 08:00:00,2.7145
1411.3,2007-01-18 09:00:00,2.9765
860.1,2007-01-18 10:00:00,3.0895
595.7,2007-01-18 11:00:00,3.09775
389.2,2007-01-18 12:00:00,3.02375
210.9,2007-01-18 13:00:00,2.895
68.9,2007-01-18 14:00:00,2.73075
11.8,2007-01-18 15:00:00,2.5475
262.2,2007-01-18 20:00:00,1.8235
365.6,2007-01-18 21:00:00,1.76625
96.5,2007-01-18 22:00:00,1.68375
42.1,2007-01-21 02:00:00,0.79375
42.1,2007-01-21 03:00:00,1.051
26.7,2007-01-21 04:00:00,1.20975
1.8,2007-02-10 13:00:00,1.4745
142.5,2007-02-10 16:00:00,1.4880000000000002
34.6,2007-02-10 17:00:00,1.44825
101.2,2007-02-11 03:00:00,1.15075
360.2,2007-02-11 04:00:00,1.262
244.5,2007-02-11 05:00:00,1.3465
38.7,2007-02-11 06:00:00,1.391
33.5,2007-02-12 17:00:00,0.79625
31.6,2007-02-12 18:00:00,0.8515
10.8,2007-02-16 17:00:00,1.286
231.7,2007-02-16 18:00:00,1.3725
102.6,2007-02-16 19:00:00,1.411
4.2,2007-02-27 11:00:00,1.0925
136.0,2007-03-06 08:00:00,1.24175
84.8,2007-03-06 09:00:00,1.32425
609.5,2007-05-13 17:00:00,0.19899999999999998
2074.4,2007-05-13 18:00:00,0.2855
3536.4,2007-05-13 19:00:00,0.45125
3675.4,2007-05-13 20:00:00,0.67225
3784.2,2007-05-13 21:00:00,0.93675
3639.4,2007-05-13 22:00:00,1.20275
3131.3,2007-05-13 23:00:00,1.4045
1321.4,2007-05-14 00:00:00,1.546
1007.2,2007-05-14 01:00:00,1.62575
1815.8,2007-05-14 02:00:00,1.69525
2157.1,2007-05-14 03:00:00,1.77675
1343.5,2007-05-14 04:00:00,1.82
923.5,2007-05-14 05:00:00,1.85825
1010.3,2007-05-14 06:00:00,1.8725
1105.2,2007-05-14 07:00:00,1.87225
1101.4,2007-05-14 08:00:00,1.8415
769.7,2007-05-14 09:00:00,1.78025
522.1,2007-05-14 10:00:00,1.6980000000000002
383.1,2007-05-14 11:00:00,1.59575
206.5,2007-05-14 12:00:00,1.482
61.0,2007-05-14 13:00:00,1.3635
2.7,2007-05-14 14:00:00,1.245
687.0,2007-05-15 22:00:00,0.408
278.1,2007-05-15 23:00:00,0.50675
11.8,2007-05-16 00:00:00,0.5635
104.0,2007-05-16 20:00:00,0.4395
593.7,2007-05-16 21:00:00,0.5625
521.2,2007-05-16 22:00:00,0.66525
322.5,2007-05-16 23:00:00,0.75775
425.8,2007-05-17 00:00:00,0.85625
518.3,2007-05-17 01:00:00,0.94475
316.5,2007-05-17 02:00:00,0.99925
23.2,2007-05-17 03:00:00,1.02075
242.4,2007-06-14 08:00:00,0.392
1009.9,2007-06-14 09:00:00,0.46
599.9,2007-06-14 10:00:00,0.516
1813.5,2007-06-14 11:00:00,0.59575
1610.1,2007-06-14 12:00:00,0.70375
2265.9,2007-06-14 13:00:00,0.82325
3128.9,2007-06-14 14:00:00,0.9845
3021.8,2007-06-14 15:00:00,1.143
1931.3,2007-06-14 16:00:00,1.273
1109.8,2007-06-14 17:00:00,1.34775
867.0,2007-06-14 18:00:00,1.3875
1240.7,2007-06-14 19:00:00,1.431
867.0,2007-06-14 20:00:00,1.445
851.3,2007-06-14 21:00:00,1.4535
1348.6,2007-06-14 22:00:00,1.4815
1178.4,2007-06-14 23:00:00,1.52525
3295.0,2007-06-15 00:00:00,1.6815
2370.1,2007-06-15 01:00:00,1.8405
3667.0,2007-06-15 02:00:00,2.1515
3784.0,2007-06-15 03:00:00,2.57025
3783.7,2007-06-15 04:00:00,2.98375
3783.6,2007-06-15 05:00:00,3.3795
3784.3,2007-06-15 06:00:00,3.763
4127.4,2007-06-15 07:00:00,4.203
4703.5,2007-06-15 08:00:00,4.76425
4037.4,2007-06-15 09:00:00,5.23525
2901.5,2007-06-15 10:00:00,5.45725
996.2,2007-06-15 11:00:00,5.46625
864.6,2007-06-15 12:00:00,5.3260000000000005
866.6,2007-06-15 13:00:00,5.09275
706.2,2007-06-15 14:00:00,4.79325
500.0,2007-06-15 15:00:00,4.4565
388.1,2007-06-15 16:00:00,4.10025
299.4,2007-06-15 17:00:00,3.75
1475.9,2007-06-15 18:00:00,3.62975
4769.7,2007-06-15 19:00:00,4.1115
4137.6,2007-06-15 20:00:00,4.62375
2014.7,2007-06-15 21:00:00,4.85975
866.3,2007-06-15 22:00:00,4.89175
662.1,2007-06-15 23:00:00,4.7825
378.9,2007-06-16 00:00:00,4.57625
123.4,2007-06-16 01:00:00,4.31025
1.5,2007-06-16 02:00:00,4.0085
157.9,2007-06-19 22:00:00,0.54475
1275.3,2007-06-20 02:00:00,1.406
3648.3,2007-06-20 03:00:00,2.1355
3733.4,2007-06-20 04:00:00,2.94125
1471.6,2007-06-20 05:00:00,3.447
770.0,2007-06-20 06:00:00,3.7060000000000004
464.7,2007-06-20 07:00:00,3.7880000000000003
371.3,2007-06-20 08:00:00,3.74275
310.9,2007-06-20 09:00:00,3.6115
155.1,2007-06-20 10:00:00,3.424
88.2,2007-06-20 11:00:00,3.202
25.9,2007-06-20 12:00:00,2.96325
142.1,2007-06-22 09:00:00,0.84525
530.8,2007-06-22 10:00:00,0.98975
212.5,2007-06-22 11:00:00,1.072
20.6,2007-06-22 12:00:00,1.13775
1229.8,2007-06-22 13:00:00,1.4555
1855.5,2007-06-22 14:00:00,1.80225
889.5,2007-06-22 15:00:00,2.002
359.1,2007-06-22 16:00:00,2.088
99.8,2007-06-22 17:00:00,2.09425
24.2,2007-06-22 18:00:00,2.04425
0.6,2007-06-22 19:00:00,1.95575
963.0,2007-06-25 04:00:00,1.7035
2019.7,2007-06-25 05:00:00,2.13025
1552.7,2007-06-25 06:00:00,2.52075
3278.9,2007-06-25 07:00:00,3.0845
4837.6,2007-06-25 08:00:00,4.21375
5191.3,2007-06-25 09:00:00,5.71925
5296.8,2007-06-25 10:00:00,7.61925
5334.6,2007-06-25 11:00:00,10.03675
5317.2,2007-06-25 12:00:00,12.7595
5131.2,2007-06-25 13:00:00,15.2525
5018.3,2007-06-25 14:00:00,17.36
4804.5,2007-06-25 15:00:00,19.18825
3757.8,2007-06-25 16:00:00,20.0165
2414.3,2007-06-25 17:00:00,20.04325
1479.2,2007-06-25 18:00:00,19.51225
1253.5,2007-06-25 19:00:00,18.60675
866.7,2007-06-25 20:00:00,17.46675
685.9,2007-06-25 21:00:00,16.19575
458.3,2007-06-25 22:00:00,14.86875
355.8,2007-06-25 23:00:00,13.53925
155.0,2007-06-26 00:00:00,12.244000000000002
46.0,2007-06-26 01:00:00,11.01
1077.8,2007-06-30 19:00:00,1.2465
1469.5,2007-06-30 20:00:00,1.73225
87.6,2007-06-30 21:00:00,2.02675
83.8,2007-06-30 22:00:00,2.17975
518.3,2007-07-01 04:00:00,2.56625
641.1,2007-07-01 05:00:00,2.63725
155.9,2007-07-01 06:00:00,2.6695
0.9,2007-07-01 07:00:00,2.6310000000000002
240.3,2007-07-13 16:00:00,0.98925
463.3,2007-07-13 17:00:00,1.1540000000000001
334.3,2007-07-13 18:00:00,1.26
148.4,2007-07-13 19:00:00,1.32075
57.4,2007-07-13 20:00:00,1.35775
244.0,2007-07-13 21:00:00,1.4475
660.1,2007-07-13 22:00:00,1.53875
399.8,2007-07-13 23:00:00,1.58225
60.9,2007-07-14 00:00:00,1.58275
338.6,2007-07-15 14:00:00,0.92425
908.7,2007-07-15 15:00:00,1.16775
397.5,2007-07-15 16:00:00,1.31025
98.9,2007-07-15 17:00:00,1.3845
100.6,2007-07-15 18:00:00,1.507
778.8,2007-07-15 19:00:00,1.65775
606.5,2007-07-15 20:00:00,1.77625
716.3,2007-07-15 21:00:00,1.943
2293.1,2007-07-15 22:00:00,2.24725
1581.0,2007-07-15 23:00:00,2.483
595.1,2007-07-16 00:00:00,2.58175
165.3,2007-07-16 01:00:00,2.58225
0.2,2007-07-16 02:00:00,2.515
965.0,2007-07-18 13:00:00,0.97275
602.2,2007-07-18 14:00:00,1.2565
250.2,2007-07-18 15:00:00,1.42275
41.6,2007-07-18 16:00:00,1.5025
1703.8,2007-07-20 18:00:00,0.8275
1577.9,2007-07-20 19:00:00,1.3375
795.2,2007-07-20 20:00:00,1.67925
412.7,2007-07-20 21:00:00,1.95475
617.2,2007-07-20 22:00:00,2.1519999999999997
386.2,2007-07-20 23:00:00,2.2435
43.9,2007-07-21 00:00:00,2.255
94.2,2007-07-21 09:00:00,1.89775
170.0,2007-07-21 10:00:00,1.868
54.5,2007-07-21 11:00:00,1.805
100.0,2007-07-23 03:00:00,0.87775
618.6,2007-07-23 14:00:00,1.07625
824.9,2007-07-23 15:00:00,1.286
288.2,2007-07-23 16:00:00,1.3995
71.3,2007-07-23 17:00:00,1.44375
0.7,2007-07-23 18:00:00,1.4375
1171.4,2007-07-26 13:00:00,0.58575
1167.2,2007-07-26 14:00:00,1.002
107.4,2007-07-26 15:00:00,1.2830000000000001
139.5,2007-07-26 16:00:00,1.45525
18.6,2007-07-26 17:00:00,1.5605
312.6,2007-07-26 18:00:00,1.74075
1079.4,2007-07-26 19:00:00,1.89375
691.5,2007-07-26 20:00:00,2.01625
447.0,2007-07-26 21:00:00,2.075
175.6,2007-07-26 22:00:00,2.06775
0.6,2007-07-26 23:00:00,2.009
1382.3,2007-08-19 12:00:00,0.44925
515.7,2007-08-19 13:00:00,0.607
144.1,2007-08-19 14:00:00,0.70325
60.9,2007-08-19 15:00:00,0.753
242.2,2007-09-24 06:00:00,0.04975
765.1,2007-09-24 07:00:00,0.08
12.5,2007-09-24 08:00:00,0.10425
157.1,2007-09-24 09:00:00,0.11925
31.1,2007-09-24 10:00:00,0.12825
447.4,2007-10-09 07:00:00,0.07325
1347.4,2007-10-09 08:00:00,0.0995
1013.0,2007-10-09 09:00:00,0.126
626.5,2007-10-09 10:00:00,0.14425
353.3,2007-10-09 11:00:00,0.15475
273.8,2007-10-09 12:00:00,0.1595
59.0,2007-10-09 13:00:00,0.15925
352.6,2007-10-09 19:00:00,0.14925
152.9,2007-10-09 20:00:00,0.15025
1279.2,2007-12-02 20:00:00,0.6609999999999999
958.4,2007-12-02 21:00:00,0.77725
587.2,2007-12-02 22:00:00,0.83925
181.0,2007-12-02 23:00:00,0.8625
1.4,2007-12-03 00:00:00,0.8590000000000001
1548.9,2007-12-28 21:00:00,0.48175
1076.3,2007-12-28 22:00:00,0.7595
260.3,2007-12-28 23:00:00,0.94525
162.8,2007-12-29 00:00:00,1.0525
7.2,2007-12-29 01:00:00,1.101
500.8,2008-01-11 18:00:00,0.83175
1256.4,2008-01-11 19:00:00,1.08325
724.1,2008-01-11 20:00:00,1.2830000000000001
482.6,2008-01-11 21:00:00,1.3985
210.8,2008-01-11 22:00:00,1.446
2.8,2008-01-11 23:00:00,1.44325
841.7,2008-01-15 09:00:00,0.7795
2369.5,2008-01-15 10:00:00,1.19825
2571.1,2008-01-15 11:00:00,1.78175
1892.5,2008-01-15 12:00:00,2.25825
774.1,2008-01-15 13:00:00,2.563
758.5,2008-01-15 14:00:00,2.7145
420.9,2008-01-15 15:00:00,2.75025
293.3,2008-01-15 16:00:00,2.70525
111.8,2008-01-15 17:00:00,2.6045
74.6,2008-01-15 18:00:00,2.46825
32.1,2008-01-15 19:00:00,2.3115
1061.9,2008-01-15 22:00:00,2.15275
2410.0,2008-01-15 23:00:00,2.42075
2340.8,2008-01-16 00:00:00,2.7815
1712.7,2008-01-16 01:00:00,3.13075
1831.7,2008-01-16 02:00:00,3.47625
1634.1,2008-01-16 03:00:00,3.78275
1054.7,2008-01-16 04:00:00,3.9445
472.1,2008-01-16 05:00:00,3.98375
362.7,2008-01-16 06:00:00,3.94525
336.7,2008-01-16 07:00:00,3.8185
171.4,2008-01-16 08:00:00,3.6310000000000002
106.6,2008-01-16 09:00:00,3.40725
83.5,2008-01-16 10:00:00,3.16925
64.4,2008-01-16 11:00:00,2.9345
22.7,2008-01-16 12:00:00,2.69925
4.6,2008-01-17 11:00:00,0.68625
6.1,2008-01-17 12:00:00,0.74025
107.4,2008-01-19 22:00:00,1.0325
1018.2,2008-01-19 23:00:00,1.45125
1057.3,2008-01-20 00:00:00,1.86625
543.1,2008-01-20 01:00:00,2.1590000000000003
182.0,2008-01-20 02:00:00,2.327
24.6,2008-01-20 03:00:00,2.3865
121.4,2008-01-21 05:00:00,0.97825
2545.8,2008-01-21 06:00:00,1.60025
3106.5,2008-01-21 07:00:00,2.42175
3593.5,2008-01-21 08:00:00,3.40875
3769.6,2008-01-21 09:00:00,4.48025
4010.6,2008-01-21 10:00:00,5.60375
4018.3,2008-01-21 11:00:00,6.715
2563.4,2008-01-21 12:00:00,7.401
1317.9,2008-01-21 13:00:00,7.6855
833.4,2008-01-21 14:00:00,7.6775
559.9,2008-01-21 15:00:00,7.47
464.0,2008-01-21 16:00:00,7.19825
767.2,2008-01-21 17:00:00,6.921
835.4,2008-01-21 18:00:00,6.593
676.1,2008-01-21 19:00:00,6.3085
1324.2,2008-01-21 20:00:00,6.14375
1343.7,2008-01-21 21:00:00,6.03525
878.2,2008-01-21 22:00:00,5.8839999999999995
541.5,2008-01-21 23:00:00,5.62875
121.5,2008-01-22 00:00:00,5.30275
0.3,2008-02-05 03:00:00,0.87125
13.4,2008-03-10 17:00:00,0.76975
281.1,2008-03-11 18:00:00,0.371
532.7,2008-03-11 19:00:00,0.5479999999999999
254.5,2008-03-11 20:00:00,0.6625
29.1,2008-03-11 21:00:00,0.7255
33.3,2008-03-12 08:00:00,0.7835
235.3,2008-03-12 09:00:00,0.80275
90.3,2008-03-12 10:00:00,0.80475
20.0,2008-03-12 11:00:00,0.787
120.6,2008-04-29 23:00:00,0.371
711.0,2008-04-30 00:00:00,0.5915
1034.1,2008-04-30 01:00:00,0.846
697.0,2008-04-30 02:00:00,1.0465
302.8,2008-04-30 03:00:00,1.16125
27.6,2008-04-30 04:00:00,1.21125
407.8,2008-04-30 15:00:00,0.8155
714.9,2008-04-30 16:00:00,0.88125
515.1,2008-04-30 17:00:00,0.9655
625.3,2008-04-30 18:00:00,1.02075
334.4,2008-04-30 19:00:00,1.035
42.1,2008-04-30 20:00:00,1.01775
14.6,2008-06-03 10:00:00,0.32899999999999996
353.4,2008-06-03 11:00:00,0.37075
249.5,2008-06-03 12:00:00,0.40575
284.2,2008-06-03 13:00:00,0.43125
255.9,2008-06-03 14:00:00,0.439
32.0,2008-06-03 15:00:00,0.43425
7.5,2008-06-03 19:00:00,0.3885
940.5,2008-06-26 21:00:00,0.1185
1147.3,2008-06-26 22:00:00,0.16675
382.7,2008-06-26 23:00:00,0.19699999999999998
77.7,2008-06-27 00:00:00,0.21325
3.3,2008-07-03 16:00:00,0.15475
251.7,2008-07-05 15:00:00,0.23125
96.9,2008-07-07 14:00:00,0.27175
8.0,2008-07-07 15:00:00,0.29975
40.2,2008-07-18 23:00:00,0.21525
560.9,2008-07-19 01:00:00,0.44375
735.6,2008-07-19 02:00:00,0.55525
244.5,2008-07-19 03:00:00,0.621
73.2,2008-07-19 04:00:00,0.67325
55.8,2008-07-19 05:00:00,0.69925
0.7,2008-07-19 06:00:00,0.69975
364.3,2008-07-31 11:00:00,0.0835
2915.3,2008-07-31 12:00:00,0.23399999999999999
1505.5,2008-07-31 13:00:00,0.37200000000000005
869.6,2008-07-31 14:00:00,0.46075
1487.0,2008-07-31 15:00:00,0.54875
3053.1,2008-07-31 16:00:00,0.71825
2969.1,2008-07-31 17:00:00,0.862
1016.6,2008-07-31 18:00:00,0.946
831.7,2008-07-31 19:00:00,0.98
488.1,2008-07-31 20:00:00,0.97775
328.6,2008-07-31 21:00:00,0.9505
83.7,2008-07-31 22:00:00,0.907
21.4,2008-08-01 02:00:00,0.74975
535.3,2008-08-01 03:00:00,0.7955
1578.1,2008-08-01 04:00:00,0.87675
696.3,2008-08-01 05:00:00,0.91125
261.8,2008-08-01 06:00:00,0.9115
52.5,2008-08-01 07:00:00,0.8875
50.2,2008-08-01 08:00:00,0.8485
50.6,2008-08-01 09:00:00,0.7995
35.8,2008-08-01 10:00:00,0.745
7.1,2008-08-01 11:00:00,0.68875
1134.7,2008-08-07 19:00:00,0.255
80.8,2008-08-07 20:00:00,0.37075
836.1,2008-08-12 07:00:00,0.2945
2192.7,2008-08-12 08:00:00,0.50875
1661.4,2008-08-12 09:00:00,0.723
1681.7,2008-08-12 10:00:00,0.915
663.2,2008-08-12 11:00:00,1.03675
638.8,2008-08-12 12:00:00,1.095
378.7,2008-08-12 13:00:00,1.10725
173.3,2008-08-12 14:00:00,1.0905
208.1,2008-08-12 15:00:00,1.10425
2255.2,2008-08-12 16:00:00,1.2065
1081.9,2008-08-12 17:00:00,1.25875
583.8,2008-08-12 18:00:00,1.26575
394.7,2008-08-12 19:00:00,1.2635
367.9,2008-08-12 20:00:00,1.23725
143.9,2008-08-12 21:00:00,1.18575
0.8,2008-08-12 22:00:00,1.12
671.6,2008-08-14 07:00:00,0.59125
1071.0,2008-08-14 08:00:00,0.73925
638.5,2008-08-14 09:00:00,0.85
440.8,2008-08-14 10:00:00,0.9105
315.7,2008-08-14 11:00:00,0.9305
77.8,2008-08-14 12:00:00,0.92
0.5,2008-08-14 13:00:00,0.89
2696.6,2008-08-17 03:00:00,0.70025
2915.3,2008-08-17 04:00:00,1.2275
3346.6,2008-08-17 05:00:00,1.7705
1978.4,2008-08-17 06:00:00,2.17925
843.1,2008-08-17 07:00:00,2.41325
718.4,2008-08-17 08:00:00,2.5115
400.8,2008-08-17 09:00:00,2.51325
259.4,2008-08-17 10:00:00,2.447
90.8,2008-08-17 11:00:00,2.3365
18.2,2008-08-17 12:00:00,2.1975
33.8,2008-08-17 13:00:00,2.0935
352.5,2008-08-17 14:00:00,2.0125
189.6,2008-08-17 15:00:00,1.9025
1.4,2008-08-17 16:00:00,1.776
1503.5,2008-08-18 20:00:00,0.6925
518.5,2008-08-18 21:00:00,0.8540000000000001
131.7,2008-08-18 22:00:00,0.9455
1232.3,2008-08-31 19:00:00,0.75125
1345.8,2008-08-31 20:00:00,0.9555
581.1,2008-08-31 21:00:00,1.0855
317.9,2008-08-31 22:00:00,1.149
29.7,2008-08-31 23:00:00,1.1635
60.1,2008-09-02 16:00:00,0.457
770.0,2008-09-02 17:00:00,0.62525
540.6,2008-09-02 18:00:00,0.731
264.4,2008-09-02 19:00:00,0.78675
21.3,2008-09-02 20:00:00,0.8065
79.2,2008-09-05 09:00:00,0.40075
254.2,2008-09-05 10:00:00,0.5795
750.7,2008-09-05 11:00:00,0.7559999999999999
569.4,2008-09-05 12:00:00,0.89
634.3,2008-09-05 13:00:00,1.0445
2043.8,2008-09-05 14:00:00,1.26925
2311.6,2008-09-05 15:00:00,1.5775
2971.4,2008-09-05 16:00:00,1.94375
2789.1,2008-09-05 17:00:00,2.30975
1680.2,2008-09-05 18:00:00,2.57875
968.0,2008-09-05 19:00:00,2.7125
605.9,2008-09-05 20:00:00,2.73525
354.3,2008-09-05 21:00:00,2.67775
120.4,2008-09-05 22:00:00,2.5669999999999997
8.0,2008-09-05 23:00:00,2.44
961.1,2008-09-06 00:00:00,2.47675
2705.4,2008-09-06 01:00:00,2.66675
2491.3,2008-09-06 02:00:00,2.91025
1078.0,2008-09-06 03:00:00,3.0239999999999996
429.4,2008-09-06 04:00:00,3.02175
86.5,2008-09-06 05:00:00,2.9395
224.7,2008-10-05 04:00:00,0.9690000000000001
570.4,2008-10-05 05:00:00,1.1315
667.5,2008-10-05 06:00:00,1.2770000000000001
603.2,2008-10-05 07:00:00,1.38025
365.3,2008-10-05 08:00:00,1.42275
67.8,2008-10-05 09:00:00,1.4155
0.3,2008-10-30 13:00:00,0.364
269.4,2008-10-30 15:00:00,0.5429999999999999
640.5,2008-10-30 16:00:00,0.6315
383.4,2008-10-30 17:00:00,0.67875
186.5,2008-10-30 18:00:00,0.69675
31.0,2008-10-30 19:00:00,0.6920000000000001
239.0,2008-11-09 19:00:00,0.46725
0.2,2008-12-04 08:00:00,0.42075
175.0,2008-12-04 09:00:00,0.53775
495.3,2008-12-04 10:00:00,0.6285
339.3,2008-12-04 11:00:00,0.69825
325.4,2008-12-04 12:00:00,0.74
206.6,2008-12-04 13:00:00,0.755
32.7,2008-12-04 14:00:00,0.75225
6.8,2008-12-05 05:00:00,0.46775
8.9,2008-12-05 06:00:00,0.51525
137.6,2008-12-08 18:00:00,0.65025
393.0,2008-12-08 19:00:00,0.75375
204.5,2008-12-08 20:00:00,0.82575
152.1,2008-12-08 21:00:00,0.8595
4.6,2008-12-08 22:00:00,0.86375
541.8,2008-12-13 12:00:00,1.08125
933.4,2008-12-13 13:00:00,1.27575
902.2,2008-12-13 14:00:00,1.46075
1594.0,2008-12-13 15:00:00,1.66175
1120.8,2008-12-13 16:00:00,1.835
830.5,2008-12-13 17:00:00,1.9345
444.9,2008-12-13 18:00:00,1.969
312.8,2008-12-13 19:00:00,1.96
156.7,2008-12-13 20:00:00,1.93025
220.1,2008-12-13 21:00:00,1.9015
275.9,2008-12-13 22:00:00,1.8659999999999999
122.6,2008-12-13 23:00:00,1.82
32.3,2008-12-14 00:00:00,1.7615
6.3,2009-01-19 09:00:00,0.36525
473.7,2009-01-19 10:00:00,0.5045
197.0,2009-01-19 11:00:00,0.5925
67.9,2009-01-19 12:00:00,0.6409999999999999
3.4,2009-01-19 18:00:00,0.67925
228.2,2009-01-19 19:00:00,0.6855
69.0,2009-01-19 20:00:00,0.67775
15.3,2009-02-03 05:00:00,1.22175
18.4,2009-02-03 06:00:00,1.24975
237.1,2009-03-03 16:00:00,0.574
511.1,2009-03-03 17:00:00,0.7805
590.9,2009-03-03 18:00:00,0.96425
658.5,2009-03-03 19:00:00,1.128
684.9,2009-03-03 20:00:00,1.2545
456.1,2009-03-03 21:00:00,1.3335
255.0,2009-03-03 22:00:00,1.3575
12.9,2009-03-03 23:00:00,1.3395
826.0,2009-04-27 11:00:00,0.07825
359.5,2009-04-27 12:00:00,0.1125
307.5,2009-04-27 13:00:00,0.1425
203.6,2009-04-27 14:00:00,0.16699999999999998
148.4,2009-04-27 15:00:00,0.18425
46.4,2009-04-27 16:00:00,0.19125
941.5,2009-04-28 22:00:00,0.17825
665.2,2009-04-28 23:00:00,0.23800000000000002
602.8,2009-04-29 00:00:00,0.2805
226.1,2009-04-29 01:00:00,0.30475
2.3,2009-04-29 02:00:00,0.3155
362.1,2009-05-15 06:00:00,0.1275
1340.5,2009-05-15 07:00:00,0.191
1720.2,2009-05-15 08:00:00,0.273
2947.3,2009-05-15 09:00:00,0.37725
2565.2,2009-05-15 10:00:00,0.501
2158.4,2009-05-15 11:00:00,0.621
2134.1,2009-05-15 12:00:00,0.73075
1676.3,2009-05-15 13:00:00,0.8215
880.7,2009-05-15 14:00:00,0.86625
683.4,2009-05-15 15:00:00,0.8759999999999999
415.1,2009-05-15 16:00:00,0.863
341.8,2009-05-15 17:00:00,0.831
181.3,2009-05-15 18:00:00,0.7879999999999999
532.7,2009-05-15 19:00:00,0.787
2209.0,2009-05-15 20:00:00,0.85125
860.2,2009-05-15 21:00:00,0.8765
486.9,2009-05-15 22:00:00,0.8715
161.1,2009-05-15 23:00:00,0.8445
0.6,2009-05-16 00:00:00,0.80475
95.2,2009-05-19 14:00:00,0.3265
28.2,2009-05-19 15:00:00,0.369
150.6,2009-05-20 23:00:00,0.3845
504.1,2009-05-21 00:00:00,0.51275
570.9,2009-05-21 01:00:00,0.63375
258.5,2009-05-21 02:00:00,0.7145
23.0,2009-05-21 03:00:00,0.75675
477.5,2009-06-05 19:00:00,0.08475
1825.7,2009-06-05 20:00:00,0.175
1574.3,2009-06-05 21:00:00,0.289
2046.3,2009-06-05 22:00:00,0.40625
2066.2,2009-06-05 23:00:00,0.53275
1734.8,2009-06-06 00:00:00,0.6559999999999999
2048.4,2009-06-06 01:00:00,0.78
2055.2,2009-06-06 02:00:00,0.898
1224.3,2009-06-06 03:00:00,0.9905
870.5,2009-06-06 04:00:00,1.05775
1478.0,2009-06-06 05:00:00,1.12925
1667.2,2009-06-06 06:00:00,1.2135
1864.9,2009-06-06 07:00:00,1.2965
1121.7,2009-06-06 08:00:00,1.3425
693.1,2009-06-06 09:00:00,1.34125
378.9,2009-06-06 10:00:00,1.311
322.7,2009-06-06 11:00:00,1.26975
192.0,2009-06-06 12:00:00,1.209
37.3,2009-06-06 13:00:00,1.135
1275.5,2009-06-10 19:00:00,0.2945
1350.8,2009-06-10 20:00:00,0.46475
1216.1,2009-06-10 21:00:00,0.6325
783.3,2009-06-10 22:00:00,0.75575
426.1,2009-06-10 23:00:00,0.8320000000000001
214.9,2009-06-11 00:00:00,0.884
138.7,2009-06-11 01:00:00,0.92075
71.9,2009-06-11 02:00:00,0.9385
0.2,2009-06-11 03:00:00,0.94125
1251.1,2009-06-15 13:00:00,0.29075
1520.0,2009-06-15 14:00:00,0.484
118.4,2009-06-15 15:00:00,0.609
159.8,2009-06-15 16:00:00,0.682
28.8,2009-06-15 17:00:00,0.7145
1336.2,2009-07-03 10:00:00,0.11075
2915.3,2009-07-03 11:00:00,0.27075
1867.9,2009-07-03 12:00:00,0.406
1132.4,2009-07-03 13:00:00,0.5145
922.3,2009-07-03 14:00:00,0.58975
818.7,2009-07-03 15:00:00,0.63625
649.5,2009-07-03 16:00:00,0.65425
385.5,2009-07-03 17:00:00,0.649
232.1,2009-07-03 18:00:00,0.62975
65.0,2009-07-03 19:00:00,0.6
120.9,2009-07-05 10:00:00,0.1175
887.2,2009-07-05 11:00:00,0.222
384.8,2009-07-05 12:00:00,0.2905
61.1,2009-07-05 13:00:00,0.33175
1123.3,2009-07-06 12:00:00,0.231
1362.1,2009-07-06 13:00:00,0.36475
819.4,2009-07-06 14:00:00,0.45399999999999996
249.7,2009-07-06 15:00:00,0.50525
152.2,2009-07-06 16:00:00,0.52875
20.0,2009-07-06 17:00:00,0.54425
2821.3,2009-07-06 18:00:00,0.71875
2580.1,2009-07-06 19:00:00,0.88875
1197.9,2009-07-06 20:00:00,1.018
855.4,2009-07-06 21:00:00,1.08775
468.2,2009-07-06 22:00:00,1.10925
154.5,2009-07-06 23:00:00,1.09475
0.6,2009-07-07 00:00:00,1.05625
1122.6,2009-07-07 12:00:00,0.53675
896.9,2009-07-07 13:00:00,0.642
771.8,2009-07-07 14:00:00,0.71625
426.4,2009-07-07 15:00:00,0.753
168.2,2009-07-07 16:00:00,0.75975
14.6,2009-07-07 17:00:00,0.74575
371.6,2009-07-12 03:00:00,0.64425
151.1,2009-07-12 04:00:00,0.7095
0.3,2009-07-12 05:00:00,0.737
501.3,2009-07-15 12:00:00,0.31675
377.5,2009-07-17 06:00:00,0.71825
112.1,2009-07-17 07:00:00,0.7675
303.2,2009-07-17 08:00:00,0.85
2072.1,2009-07-17 09:00:00,1.01725
1356.6,2009-07-17 10:00:00,1.1415
722.8,2009-07-17 11:00:00,1.21475
2640.3,2009-07-17 12:00:00,1.3905
2062.3,2009-07-17 13:00:00,1.56075
1107.7,2009-07-17 14:00:00,1.6595
831.2,2009-07-17 15:00:00,1.709
781.7,2009-07-17 16:00:00,1.755
2078.0,2009-07-17 17:00:00,1.84225
1968.2,2009-07-17 18:00:00,1.95225
2468.2,2009-07-17 19:00:00,2.1425
1314.5,2009-07-17 20:00:00,2.2665
852.1,2009-07-17 21:00:00,2.313
523.1,2009-07-17 22:00:00,2.299
272.3,2009-07-17 23:00:00,2.2325
28.4,2009-07-18 00:00:00,2.12875
62.9,2009-07-29 14:00:00,0.5075
261.4,2009-07-29 15:00:00,0.59325
118.2,2009-07-29 16:00:00,0.6579999999999999
101.5,2009-07-29 17:00:00,0.7020000000000001
358.7,2009-07-29 18:00:00,0.78175
1118.5,2009-07-29 19:00:00,0.8905
770.0,2009-07-29 20:00:00,0.95325
306.5,2009-07-29 21:00:00,0.9735
25.3,2009-07-29 22:00:00,0.96225
672.0,2009-08-07 00:00:00,0.38825
1190.4,2009-08-07 01:00:00,0.6105
1743.0,2009-08-07 02:00:00,0.8675
894.8,2009-08-07 03:00:00,1.10525
726.5,2009-08-07 04:00:00,1.30275
820.1,2009-08-07 05:00:00,1.4269999999999998
431.9,2009-08-07 06:00:00,1.48225
249.7,2009-08-07 07:00:00,1.4905
183.9,2009-08-07 08:00:00,1.4580000000000002
105.6,2009-08-07 09:00:00,1.39775
74.4,2009-08-07 10:00:00,1.3195
27.5,2009-08-07 11:00:00,1.23025
900.4,2009-11-01 08:00:00,0.12125
1729.2,2009-11-01 09:00:00,0.1825
3032.3,2009-11-01 10:00:00,0.30175
3190.7,2009-11-01 11:00:00,0.45375
1932.7,2009-11-01 12:00:00,0.5710000000000001
866.7,2009-11-01 13:00:00,0.64175
622.0,2009-11-01 14:00:00,0.675
366.2,2009-11-01 15:00:00,0.682
148.4,2009-11-01 16:00:00,0.6695
29.9,2009-11-01 17:00:00,0.6445
8.8,2009-11-03 13:00:00,0.31125
7.8,2009-11-13 19:00:00,0.3565
1449.9,2009-11-13 20:00:00,0.58475
1203.4,2009-11-13 21:00:00,0.80175
560.9,2009-11-13 22:00:00,0.956
216.1,2009-11-13 23:00:00,1.04175
43.2,2009-11-14 00:00:00,1.07675
342.1,2009-11-14 17:00:00,0.599
179.9,2009-11-14 18:00:00,0.65625
2.3,2009-11-14 19:00:00,0.6825
606.2,2009-11-16 09:00:00,0.40425
859.7,2009-11-16 10:00:00,0.6445
521.7,2009-11-16 11:00:00,0.8035
179.6,2009-11-16 12:00:00,0.89625
23.1,2009-11-16 13:00:00,0.9405
267.5,2009-11-18 11:00:00,0.74525
74.4,2009-11-18 12:00:00,0.79175
126.8,2009-11-25 00:00:00,0.47875
85.6,2009-11-25 01:00:00,0.6890000000000001
704.6,2009-11-28 09:00:00,0.60775
307.1,2009-11-28 10:00:00,0.8690000000000001
235.8,2009-11-28 11:00:00,1.04325
83.1,2009-11-28 12:00:00,1.1405
218.9,2009-11-29 00:00:00,0.925
163.4,2009-11-29 01:00:00,0.9915
8.6,2009-11-29 02:00:00,1.0390000000000001
15.1,2009-11-29 03:00:00,1.126
517.4,2009-11-29 04:00:00,1.3035
2095.6,2009-11-29 05:00:00,1.6345
1351.2,2009-11-29 06:00:00,1.9585
754.2,2009-11-29 07:00:00,2.15125
440.7,2009-11-29 08:00:00,2.2769999999999997
453.4,2009-11-29 09:00:00,2.3455
389.6,2009-11-29 10:00:00,2.35425
242.6,2009-11-29 11:00:00,2.3105
59.9,2009-11-29 12:00:00,2.24475
1204.4,2009-11-29 13:00:00,2.38675
1589.8,2009-11-29 14:00:00,2.5535
686.1,2009-11-29 15:00:00,2.60575
285.9,2009-11-29 16:00:00,2.57575
39.0,2009-11-29 17:00:00,2.4895
433.1,2009-12-06 07:00:00,0.8490000000000001
1680.3,2009-12-06 08:00:00,1.4095
487.3,2009-12-06 09:00:00,1.84325
522.0,2009-12-06 10:00:00,2.1145
216.5,2009-12-06 11:00:00,2.25025
58.2,2009-12-06 12:00:00,2.29475
1.7,2009-12-06 13:00:00,2.27925
568.0,2009-12-14 21:00:00,1.153
1289.7,2009-12-14 22:00:00,1.60325
945.3,2009-12-14 23:00:00,1.99725
548.1,2009-12-15 00:00:00,2.2755
216.2,2009-12-15 01:00:00,2.42325
29.8,2009-12-15 02:00:00,2.47675
1170.5,2010-01-22 14:00:00,1.281
1292.7,2010-01-22 15:00:00,1.7425
1295.6,2010-01-22 16:00:00,2.1865
654.5,2010-01-22 17:00:00,2.4859999999999998
610.7,2010-01-22 18:00:00,2.6319999999999997
377.4,2010-01-22 19:00:00,2.6675
124.6,2010-01-22 20:00:00,2.6239999999999997
5.2,2010-01-22 21:00:00,2.52825
65.3,2010-02-26 05:00:00,1.4325
954.8,2010-02-26 06:00:00,1.74375
1309.8,2010-02-26 07:00:00,2.082
2196.5,2010-02-26 08:00:00,2.4175
2264.6,2010-02-26 09:00:00,2.7745
2473.6,2010-02-26 10:00:00,3.18
2783.2,2010-02-26 11:00:00,3.62
2267.3,2010-02-26 12:00:00,4.02875
1442.4,2010-02-26 13:00:00,4.34175
1710.7,2010-02-26 14:00:00,4.54775
1258.6,2010-02-26 15:00:00,4.6530000000000005
868.8,2010-02-26 16:00:00,4.63775
628.3,2010-02-26 17:00:00,4.52
410.8,2010-02-26 18:00:00,4.32225
294.0,2010-02-26 19:00:00,4.07125
68.6,2010-02-26 20:00:00,3.7905
0.3,2010-02-26 21:00:00,3.49725
63.9,2010-03-20 14:00:00,0.99975
989.9,2010-03-30 17:00:00,0.983
797.4,2010-03-30 18:00:00,1.2605
603.8,2010-03-30 19:00:00,1.462
356.2,2010-03-30 20:00:00,1.58175
254.4,2010-03-30 21:00:00,1.65225
313.4,2010-03-30 22:00:00,1.743
483.9,2010-03-30 23:00:00,1.83025
492.4,2010-03-31 00:00:00,1.9065
347.9,2010-03-31 01:00:00,1.9285
43.4,2010-03-31 02:00:00,1.8975
479.0,2010-07-14 18:00:00,0.03375
17.3,2010-07-20 06:00:00,0.1145
266.6,2010-08-04 08:00:00,0.05875
16.5,2010-08-04 09:00:00,0.07225
155.4,2010-08-04 10:00:00,0.08175
26.6,2010-08-04 11:00:00,0.08725
350.5,2010-09-06 21:00:00,0.03825
1440.8,2010-09-06 22:00:00,0.0575
2270.1,2010-09-06 23:00:00,0.091
2788.2,2010-09-07 00:00:00,0.151
3297.8,2010-09-07 01:00:00,0.2365
2303.6,2010-09-07 02:00:00,0.32425
1188.0,2010-09-07 03:00:00,0.382
615.0,2010-09-07 04:00:00,0.41600000000000004
370.3,2010-09-07 05:00:00,0.43
172.9,2010-09-07 06:00:00,0.429
91.2,2010-09-07 07:00:00,0.41725
131.5,2010-09-07 08:00:00,0.3985
113.9,2010-09-07 09:00:00,0.37575
91.8,2010-09-07 10:00:00,0.3495
59.0,2010-09-07 11:00:00,0.32325
6.5,2010-09-07 12:00:00,0.29675
583.6,2010-09-23 22:00:00,0.192
229.0,2010-09-23 23:00:00,0.278
233.9,2010-09-24 00:00:00,0.34299999999999997
119.6,2010-09-24 01:00:00,0.38125
428.5,2010-10-01 13:00:00,0.284
1122.1,2010-10-01 14:00:00,0.38725
939.8,2010-10-01 15:00:00,0.49525
739.9,2010-10-01 16:00:00,0.581
1065.5,2010-10-01 17:00:00,0.67425
1321.8,2010-10-01 18:00:00,0.74675
720.6,2010-10-01 19:00:00,0.784
357.0,2010-10-01 20:00:00,0.79075
84.2,2010-10-01 21:00:00,0.7745
480.2,2010-10-03 08:00:00,0.24775
2657.3,2010-10-03 09:00:00,0.509
2694.1,2010-10-03 10:00:00,0.779
1444.1,2010-10-03 11:00:00,1.003
725.6,2010-10-03 12:00:00,1.15175
1833.3,2010-10-03 13:00:00,1.3125
2733.3,2010-10-03 14:00:00,1.56025
1492.9,2010-10-03 15:00:00,1.73
788.6,2010-10-03 16:00:00,1.8025
434.2,2010-10-03 17:00:00,1.805
252.0,2010-10-03 18:00:00,1.75925
74.0,2010-10-03 19:00:00,1.68025
5.7,2010-10-03 20:00:00,1.5815
92.3,2010-11-08 13:00:00,0.42025
509.6,2010-11-08 14:00:00,0.49275
652.2,2010-11-08 15:00:00,0.57525
863.0,2010-11-08 16:00:00,0.6565
968.7,2010-11-08 17:00:00,0.74075
1200.9,2010-11-08 18:00:00,0.82525
1143.7,2010-11-08 19:00:00,0.90675
867.2,2010-11-08 20:00:00,0.98075
861.4,2010-11-08 21:00:00,1.0395
601.2,2010-11-08 22:00:00,1.074
365.1,2010-11-08 23:00:00,1.089
236.0,2010-11-09 00:00:00,1.1079999999999999
360.3,2010-11-09 01:00:00,1.141
473.2,2010-11-09 02:00:00,1.1865
435.4,2010-11-09 03:00:00,1.20825
144.9,2010-11-09 04:00:00,1.19375
614.5,2011-01-08 08:00:00,1.048
571.0,2011-01-08 09:00:00,1.176
222.8,2011-01-08 10:00:00,1.2365
54.7,2011-01-08 11:00:00,1.25
344.6,2011-02-19 11:00:00,1.01225
516.7,2011-02-19 12:00:00,1.14125
260.1,2011-02-19 13:00:00,1.22925
263.2,2011-02-19 14:00:00,1.26625
29.5,2011-02-19 15:00:00,1.261
4.1,2011-02-26 05:00:00,1.1575
448.2,2011-05-08 03:00:00,0.0205
80.0,2011-05-08 04:00:00,0.0255
100.0,2011-05-08 05:00:00,0.02825
29.0,2011-06-12 19:00:00,0.03175
277.4,2011-06-12 20:00:00,0.0365
76.2,2011-06-12 21:00:00,0.0405
118.5,2011-07-10 14:00:00,0.03025
836.5,2011-07-10 15:00:00,0.04525
849.4,2011-08-25 04:00:00,0.0215
1630.3,2011-08-25 05:00:00,0.0405
827.7,2011-08-25 06:00:00,0.0605
620.5,2011-08-25 07:00:00,0.07625
398.9,2011-08-25 08:00:00,0.0855
307.4,2011-08-25 09:00:00,0.09025
106.8,2011-08-25 10:00:00,0.091
32.6,2011-08-25 11:00:00,0.09075
1159.4,2011-08-26 15:00:00,0.0915
906.9,2011-08-26 16:00:00,0.1255
641.0,2011-08-26 17:00:00,0.149
417.6,2011-08-26 18:00:00,0.16399999999999998
248.9,2011-08-26 19:00:00,0.17175
27.9,2011-08-26 20:00:00,0.17525
241.7,2011-08-27 01:00:00,0.19175
168.7,2011-08-27 02:00:00,0.19675
237.1,2011-12-23 11:00:00,0.28575
1356.0,2011-12-23 12:00:00,0.48625
1292.1,2011-12-23 13:00:00,0.748
1999.3,2011-12-23 14:00:00,1.04125
1574.7,2011-12-23 15:00:00,1.31175
1045.1,2011-12-23 16:00:00,1.5019999999999998
854.6,2011-12-23 17:00:00,1.6125
569.3,2011-12-23 18:00:00,1.6569999999999998
366.0,2011-12-23 19:00:00,1.64575
110.6,2011-12-23 20:00:00,1.59725
3.5,2011-12-23 21:00:00,1.52375
211.3,2012-01-03 09:00:00,0.96625
555.6,2012-01-03 10:00:00,1.04675
256.8,2012-01-03 11:00:00,1.08525
180.2,2012-01-03 12:00:00,1.09
25.1,2012-01-03 13:00:00,1.06725
196.9,2012-01-05 10:00:00,0.97025
313.4,2012-01-05 11:00:00,1.0275
275.2,2012-01-05 12:00:00,1.0465
42.2,2012-01-05 13:00:00,1.0345
4.2,2012-01-24 10:00:00,0.627
539.1,2012-01-24 11:00:00,0.7605
399.3,2012-01-24 12:00:00,0.84475
106.5,2012-01-24 13:00:00,0.88375
1.2,2012-01-24 14:00:00,0.89125
0.5,2012-03-04 13:00:00,0.5425
483.7,2012-03-04 14:00:00,0.6609999999999999
223.4,2012-03-04 15:00:00,0.74675
170.8,2012-03-04 16:00:00,0.8045
95.8,2012-03-04 17:00:00,0.8275
0.2,2012-03-04 18:00:00,0.82325
704.1,2012-03-18 04:00:00,0.4725
1108.3,2012-03-18 05:00:00,0.652
548.1,2012-03-18 06:00:00,0.782
153.2,2012-03-18 07:00:00,0.853
4.3,2012-03-18 08:00:00,0.88125
213.0,2012-04-04 07:00:00,0.47325
559.8,2012-04-04 08:00:00,0.546
484.8,2012-04-04 09:00:00,0.59175
291.4,2012-04-04 10:00:00,0.611
283.6,2012-04-04 11:00:00,0.60975
69.0,2012-04-04 12:00:00,0.597
30.4,2012-04-04 13:00:00,0.58625
87.5,2012-04-04 14:00:00,0.57175
45.7,2012-04-04 15:00:00,0.55
499.0,2012-04-13 17:00:00,0.191
2143.1,2012-04-13 18:00:00,0.38375
952.2,2012-04-13 19:00:00,0.5575
528.1,2012-04-13 20:00:00,0.66775
204.7,2012-04-13 21:00:00,0.72675
67.4,2012-04-13 22:00:00,0.75
241.4,2012-04-18 10:00:00,0.242
1034.0,2012-04-18 11:00:00,0.37075
829.7,2012-04-18 12:00:00,0.51825
1536.5,2012-04-18 13:00:00,0.68025
882.2,2012-04-18 14:00:00,0.80325
636.5,2012-04-18 15:00:00,0.8765
381.2,2012-04-18 16:00:00,0.91325
321.9,2012-04-18 17:00:00,0.929
204.2,2012-04-18 18:00:00,0.9229999999999999
149.6,2012-04-18 19:00:00,0.917
261.1,2012-04-18 20:00:00,0.9085
184.9,2012-04-18 21:00:00,0.90175
100.5,2012-04-18 22:00:00,0.87675
0.3,2012-04-18 23:00:00,0.84125
52.2,2012-04-19 06:00:00,0.7225
799.9,2012-04-19 07:00:00,0.78325
554.6,2012-04-19 08:00:00,0.8195
374.0,2012-04-19 09:00:00,0.85225
719.9,2012-04-19 10:00:00,0.91725
2110.7,2012-04-19 11:00:00,1.07075
1560.7,2012-04-19 12:00:00,1.2105
766.2,2012-04-19 13:00:00,1.2790000000000001
399.4,2012-04-19 14:00:00,1.29375
180.4,2012-04-19 15:00:00,1.27575
67.4,2012-04-19 16:00:00,1.24225
280.6,2012-04-19 17:00:00,1.25975
1694.4,2012-04-19 18:00:00,1.341
1528.8,2012-04-19 19:00:00,1.4269999999999998
789.3,2012-04-19 20:00:00,1.4635
363.6,2012-04-19 21:00:00,1.45025
58.8,2012-04-19 22:00:00,1.4040000000000001
196.1,2012-04-25 12:00:00,0.39075
1486.1,2012-04-25 13:00:00,0.65525
1389.7,2012-04-25 14:00:00,0.97825
1151.5,2012-04-25 15:00:00,1.2335
655.4,2012-04-25 16:00:00,1.4040000000000001
571.1,2012-04-25 17:00:00,1.5105
571.6,2012-04-25 18:00:00,1.59925
850.0,2012-04-25 19:00:00,1.69225
1934.6,2012-04-25 20:00:00,1.8430000000000002
1187.3,2012-04-25 21:00:00,1.9509999999999998
658.5,2012-04-25 22:00:00,2.00225
379.3,2012-04-25 23:00:00,2.021
357.9,2012-04-26 00:00:00,2.01225
102.0,2012-04-26 01:00:00,1.95375
194.5,2012-04-26 14:00:00,0.983
309.1,2012-04-26 15:00:00,0.99975
825.6,2012-04-26 16:00:00,1.14
1902.1,2012-04-26 17:00:00,1.40175
1639.7,2012-04-26 18:00:00,1.63575
1102.4,2012-04-26 19:00:00,1.7995
606.9,2012-04-26 20:00:00,1.88425
364.4,2012-04-26 21:00:00,1.92675
354.6,2012-04-26 22:00:00,1.97425
711.9,2012-04-26 23:00:00,2.065
693.7,2012-04-27 00:00:00,2.10475
379.7,2012-04-27 01:00:00,2.15925
647.4,2012-04-27 02:00:00,2.237
797.9,2012-04-27 03:00:00,2.33225
844.2,2012-04-27 04:00:00,2.4235
682.3,2012-04-27 05:00:00,2.4845
487.1,2012-04-27 06:00:00,2.502
380.6,2012-04-27 07:00:00,2.4755
352.2,2012-04-27 08:00:00,2.39525
147.8,2012-04-27 09:00:00,2.27675
71.3,2012-04-27 10:00:00,2.13425
23.4,2012-04-27 11:00:00,1.98025
1071.6,2012-04-29 11:00:00,0.89225
1642.8,2012-04-29 12:00:00,1.33625
2668.6,2012-04-29 13:00:00,1.8705
2525.8,2012-04-29 14:00:00,2.45725
3307.0,2012-04-29 15:00:00,3.07525
2670.9,2012-04-29 16:00:00,3.60875
1338.0,2012-04-29 17:00:00,3.97575
865.6,2012-04-29 18:00:00,4.16925
665.5,2012-04-29 19:00:00,4.1945
325.6,2012-04-29 20:00:00,4.099
77.2,2012-04-29 21:00:00,3.923
0.2,2012-04-29 22:00:00,3.69625
28.6,2012-05-09 23:00:00,1.082
959.5,2012-05-10 00:00:00,1.344
885.4,2012-05-10 01:00:00,1.58
865.7,2012-05-10 02:00:00,1.797
705.4,2012-05-10 03:00:00,1.95425
279.7,2012-05-10 04:00:00,2.03125
14.1,2012-05-10 05:00:00,2.04375
232.2,2012-06-03 06:00:00,0.47225
236.8,2012-06-03 07:00:00,0.54125
379.0,2012-06-03 08:00:00,0.614
637.6,2012-06-03 09:00:00,0.67125
527.3,2012-06-03 10:00:00,0.71425
417.4,2012-06-03 11:00:00,0.73925
332.7,2012-06-03 12:00:00,0.7495
138.0,2012-06-03 13:00:00,0.74725
161.3,2012-06-03 14:00:00,0.763
562.6,2012-06-03 15:00:00,0.7905
591.0,2012-06-03 16:00:00,0.818
619.2,2012-06-03 17:00:00,0.8515
830.5,2012-06-03 18:00:00,0.89175
668.9,2012-06-03 19:00:00,0.9165
414.1,2012-06-03 20:00:00,0.92575
315.9,2012-06-03 21:00:00,0.9229999999999999
137.1,2012-06-03 22:00:00,0.91175
51.5,2012-06-03 23:00:00,0.88475
296.4,2012-06-07 16:00:00,0.3785
1225.6,2012-06-07 17:00:00,0.54525
1460.3,2012-06-07 18:00:00,0.74825
2040.4,2012-06-07 19:00:00,0.97725
1947.3,2012-06-07 20:00:00,1.2209999999999999
885.3,2012-06-07 21:00:00,1.37725
566.1,2012-06-07 22:00:00,1.4495
243.5,2012-06-07 23:00:00,1.46575
21.9,2012-06-08 00:00:00,1.446
419.8,2012-06-08 06:00:00,1.2125
638.1,2012-06-08 07:00:00,1.215
312.9,2012-06-08 08:00:00,1.186
128.3,2012-06-08 09:00:00,1.157
212.3,2012-06-08 10:00:00,1.11975
98.1,2012-06-08 11:00:00,1.06525
4.0,2012-06-08 12:00:00,1.00025
929.6,2012-06-14 01:00:00,0.4375
242.5,2012-06-14 02:00:00,0.62525
52.8,2012-06-15 02:00:00,0.602
2173.6,2012-06-15 03:00:00,0.8785
3063.2,2012-06-15 04:00:00,1.29975
1732.1,2012-06-15 05:00:00,1.64625
854.3,2012-06-15 06:00:00,1.85725
559.9,2012-06-15 07:00:00,1.955
386.0,2012-06-15 08:00:00,1.97125
339.9,2012-06-15 09:00:00,1.9315
181.1,2012-06-15 10:00:00,1.8525
95.1,2012-06-15 11:00:00,1.749
48.6,2012-06-15 12:00:00,1.66
343.8,2012-06-15 13:00:00,1.6265
420.3,2012-06-15 14:00:00,1.5925
370.9,2012-06-15 15:00:00,1.56275
336.4,2012-06-15 16:00:00,1.5085
94.5,2012-06-15 17:00:00,1.45125
129.6,2012-06-15 18:00:00,1.395
88.1,2012-06-15 19:00:00,1.32
884.3,2012-06-21 09:00:00,0.38825
1343.4,2012-06-21 10:00:00,0.662
247.3,2012-06-21 11:00:00,0.8385
195.0,2012-06-21 12:00:00,0.96775
292.6,2012-06-21 13:00:00,1.0755
357.8,2012-06-21 14:00:00,1.12525
122.6,2012-06-21 15:00:00,1.1320000000000001
1.9,2012-06-21 16:00:00,1.10775
106.5,2012-06-22 10:00:00,0.6920000000000001
551.2,2012-06-22 11:00:00,0.7715
443.9,2012-06-22 12:00:00,0.82625
219.0,2012-06-22 13:00:00,0.8445
13.1,2012-06-22 14:00:00,0.83625
47.4,2012-06-22 17:00:00,0.838
826.1,2012-06-22 18:00:00,0.9235
712.7,2012-06-22 19:00:00,0.98225
377.4,2012-06-22 20:00:00,1.02025
219.8,2012-06-22 21:00:00,1.03825
50.5,2012-06-22 22:00:00,1.03775
121.5,2012-07-06 07:00:00,0.36925
2915.3,2012-07-06 08:00:00,0.775
2887.8,2012-07-06 09:00:00,1.304
3230.0,2012-07-06 10:00:00,1.8485
3548.5,2012-07-06 11:00:00,2.4095
3524.5,2012-07-06 12:00:00,2.972
3795.1,2012-07-06 13:00:00,3.56425
4962.3,2012-07-06 14:00:00,4.48525
4664.8,2012-07-06 15:00:00,5.47275
3901.2,2012-07-06 16:00:00,6.191
2718.1,2012-07-06 17:00:00,6.537000000000001
1199.2,2012-07-06 18:00:00,6.60075
873.3,2012-07-06 19:00:00,6.465
866.7,2012-07-06 20:00:00,6.1955
704.9,2012-07-06 21:00:00,5.83975
452.2,2012-07-06 22:00:00,5.434
345.5,2012-07-06 23:00:00,5.00525
119.3,2012-07-07 00:00:00,4.57125
1.6,2012-07-07 01:00:00,4.14675
220.5,2012-07-20 12:00:00,0.7465
480.5,2012-07-20 13:00:00,0.8735
184.2,2012-07-20 14:00:00,0.94175
17.8,2012-07-20 15:00:00,0.9655
1251.5,2012-08-15 16:00:00,0.147
2602.0,2012-08-15 17:00:00,0.32575
1821.8,2012-08-15 18:00:00,0.47075
637.4,2012-08-15 19:00:00,0.56025
412.2,2012-08-15 20:00:00,0.60775
303.4,2012-08-15 21:00:00,0.6255
63.2,2012-08-15 22:00:00,0.622
850.2,2012-08-25 11:00:00,0.254
1938.9,2012-08-25 12:00:00,0.414
486.2,2012-08-25 13:00:00,0.52025
515.8,2012-08-25 14:00:00,0.5875
1744.8,2012-08-25 15:00:00,0.74775
3942.6,2012-08-25 16:00:00,1.1035
2622.8,2012-08-25 17:00:00,1.33225
1225.5,2012-08-25 18:00:00,1.45825
1105.5,2012-08-25 19:00:00,1.521
1137.9,2012-08-25 20:00:00,1.55575
847.0,2012-08-25 21:00:00,1.5465
460.7,2012-08-25 22:00:00,1.49825
187.3,2012-08-25 23:00:00,1.4255
8.9,2012-08-26 00:00:00,1.337
364.4,2012-08-29 09:00:00,0.1975
2915.3,2012-08-29 10:00:00,0.527
2304.2,2012-08-29 11:00:00,0.87525
1300.2,2012-08-29 12:00:00,1.122
738.5,2012-08-29 13:00:00,1.304
2922.1,2012-08-29 14:00:00,1.569
2770.7,2012-08-29 15:00:00,1.818
1224.8,2012-08-29 16:00:00,1.9605
1379.3,2012-08-29 17:00:00,2.061
1217.2,2012-08-29 18:00:00,2.0935
559.5,2012-08-29 19:00:00,2.05975
280.3,2012-08-29 20:00:00,1.982
62.6,2012-08-29 21:00:00,1.87575
12.9,2012-08-30 09:00:00,0.759
51.0,2012-08-30 10:00:00,0.73625
185.4,2012-09-24 12:00:00,0.57925
2039.7,2012-09-24 13:00:00,0.7240000000000001
2113.1,2012-09-24 14:00:00,0.909
2291.5,2012-09-24 15:00:00,1.1155
2661.5,2012-09-24 16:00:00,1.35025
3067.5,2012-09-24 17:00:00,1.6005
2554.0,2012-09-24 18:00:00,1.80775
1412.4,2012-09-24 19:00:00,1.94675
857.6,2012-09-24 20:00:00,1.9965
552.3,2012-09-24 21:00:00,1.9780000000000002
350.1,2012-09-24 22:00:00,1.91275
110.9,2012-09-24 23:00:00,1.8159999999999998
2.6,2012-09-25 00:00:00,1.70075
63.1,2012-09-25 23:00:00,0.63
126.0,2012-09-26 00:00:00,0.66325
4.6,2012-09-26 01:00:00,0.6705
2.6,2012-10-02 18:00:00,0.6509999999999999
847.6,2012-10-11 23:00:00,0.54125
1392.9,2012-10-12 00:00:00,0.83875
1603.7,2012-10-12 01:00:00,1.14975
1740.8,2012-10-12 02:00:00,1.4645
1061.0,2012-10-12 03:00:00,1.7275
696.9,2012-10-12 04:00:00,1.868
290.2,2012-10-12 05:00:00,1.91675
50.7,2012-10-12 06:00:00,1.9
20.5,2012-10-12 07:00:00,1.8385
65.2,2012-10-12 08:00:00,1.7469999999999999
69.9,2012-10-12 09:00:00,1.6385
53.8,2012-10-12 10:00:00,1.5195
18.9,2012-10-12 11:00:00,1.39725
6.8,2012-11-21 08:00:00,0.53925
1904.5,2012-11-21 09:00:00,0.7665
2426.4,2012-11-21 10:00:00,1.1155
2076.4,2012-11-21 11:00:00,1.4809999999999999
1909.3,2012-11-21 12:00:00,1.79725
1092.0,2012-11-21 13:00:00,2.0045
773.2,2012-11-21 14:00:00,2.09925
436.5,2012-11-21 15:00:00,2.112
329.2,2012-11-21 16:00:00,2.0669999999999997
141.3,2012-11-21 17:00:00,1.982
88.4,2012-11-21 18:00:00,1.87375
47.2,2012-11-21 19:00:00,1.751
1.9,2012-11-22 20:00:00,0.522
111.7,2012-11-22 21:00:00,0.6445
200.1,2012-11-22 22:00:00,0.76125
219.6,2012-11-22 23:00:00,0.8420000000000001
8.3,2012-11-23 00:00:00,0.8815
16.4,2012-11-24 22:00:00,0.89625
434.4,2012-11-24 23:00:00,1.11775
1117.4,2012-11-25 00:00:00,1.4240000000000002
2112.2,2012-11-25 01:00:00,1.8259999999999998
2475.0,2012-11-25 02:00:00,2.2880000000000003
2516.7,2012-11-25 03:00:00,2.77825
2332.9,2012-11-25 04:00:00,3.3165
2307.6,2012-11-25 05:00:00,3.865
2742.3,2012-11-25 06:00:00,4.40675
2055.4,2012-11-25 07:00:00,4.77875
1134.9,2012-11-25 08:00:00,4.95475
785.4,2012-11-25 09:00:00,4.96075
451.2,2012-11-25 10:00:00,4.8345
305.7,2012-11-25 11:00:00,4.61875
101.2,2012-11-25 12:00:00,4.3475
21.1,2012-11-25 13:00:00,4.045
265.7,2012-11-26 03:00:00,1.78375
580.4,2012-11-26 04:00:00,1.9355
553.3,2012-11-26 05:00:00,2.08175
421.5,2012-11-26 06:00:00,2.16375
226.4,2012-11-26 07:00:00,2.1835
137.5,2012-11-26 08:00:00,2.1745
297.3,2012-11-26 09:00:00,2.16425
346.2,2012-11-26 10:00:00,2.125
154.7,2012-11-26 11:00:00,2.06425
84.1,2012-11-26 12:00:00,1.99425
65.2,2012-11-26 13:00:00,1.9415
290.1,2012-11-26 14:00:00,1.96875
1058.4,2012-11-26 15:00:00,2.104
1247.9,2012-11-26 16:00:00,2.28875
1336.5,2012-11-26 17:00:00,2.49225
1252.3,2012-11-26 18:00:00,2.7065
1148.9,2012-11-26 19:00:00,2.931
866.4,2012-11-26 20:00:00,3.07925
606.2,2012-11-26 21:00:00,3.13325
291.8,2012-11-26 22:00:00,3.1055
42.6,2012-11-26 23:00:00,3.0389999999999997
267.3,2012-11-27 02:00:00,2.92225
508.1,2012-11-27 03:00:00,3.003
807.4,2012-11-27 04:00:00,3.1665
866.2,2012-11-27 05:00:00,3.29
525.3,2012-11-27 06:00:00,3.31225
215.9,2012-11-27 07:00:00,3.25275
86.8,2012-11-27 08:00:00,3.1295
42.7,2012-11-27 09:00:00,2.96375
20.1,2012-11-27 10:00:00,2.7745
1.2,2012-11-27 11:00:00,2.574
1223.4,2012-12-14 14:00:00,1.13525
1384.5,2012-12-14 15:00:00,1.642
704.0,2012-12-14 16:00:00,1.99425
437.7,2012-12-14 17:00:00,2.20325
291.2,2012-12-14 18:00:00,2.296
180.0,2012-12-14 19:00:00,2.30275
15.8,2012-12-14 20:00:00,2.25025
1092.2,2012-12-17 19:00:00,0.84375
1854.5,2012-12-17 20:00:00,1.48225
537.3,2012-12-17 21:00:00,1.9435
422.7,2012-12-17 22:00:00,2.23025
114.5,2012-12-17 23:00:00,2.37425
3.3,2012-12-20 01:00:00,1.5565
112.3,2012-12-20 02:00:00,1.73975
32.0,2012-12-20 03:00:00,1.84
249.6,2012-12-20 05:00:00,2.1495
768.3,2012-12-20 06:00:00,2.3745
1338.0,2012-12-20 07:00:00,2.65325
1202.7,2012-12-20 08:00:00,2.93175
1494.3,2012-12-20 09:00:00,3.19675
1573.3,2012-12-20 10:00:00,3.46225
1677.5,2012-12-20 11:00:00,3.7089999999999996
1215.6,2012-12-20 12:00:00,3.89825
973.3,2012-12-20 13:00:00,4.06075
988.8,2012-12-20 14:00:00,4.15575
891.3,2012-12-20 15:00:00,4.23825
864.1,2012-12-20 16:00:00,4.30225
867.0,2012-12-20 17:00:00,4.31575
859.9,2012-12-20 18:00:00,4.26925
750.5,2012-12-20 19:00:00,4.22775
820.9,2012-12-20 20:00:00,4.20075
845.5,2012-12-20 21:00:00,4.20725
1083.2,2012-12-20 22:00:00,4.298
880.4,2012-12-20 23:00:00,4.38975
867.3,2012-12-21 00:00:00,4.47275
865.8,2012-12-21 01:00:00,4.52925
535.3,2012-12-21 02:00:00,4.49175
244.6,2012-12-21 03:00:00,4.4265
111.5,2012-12-21 04:00:00,4.2925
5.7,2012-12-21 05:00:00,4.131
35.0,2012-12-21 09:00:00,3.2110000000000003
24.9,2012-12-21 10:00:00,2.95625
0.2,2012-12-21 11:00:00,2.70575
51.1,2012-12-22 08:00:00,1.061
569.0,2012-12-22 09:00:00,1.3975
552.3,2012-12-22 10:00:00,1.744
1648.3,2012-12-22 11:00:00,2.2685
2263.9,2012-12-22 12:00:00,2.97825
1878.1,2012-12-22 13:00:00,3.65675
2123.7,2012-12-22 14:00:00,4.26275
831.4,2012-12-22 15:00:00,4.5995
429.5,2012-12-22 16:00:00,4.71475
134.3,2012-12-22 17:00:00,4.67225
4.9,2012-12-22 18:00:00,4.5215
25.1,2012-12-24 13:00:00,0.98825
873.8,2012-12-24 14:00:00,1.3769999999999998
501.1,2012-12-24 15:00:00,1.66025
168.1,2012-12-24 16:00:00,1.8219999999999998
13.7,2012-12-24 17:00:00,1.892
1.9,2012-12-26 17:00:00,0.91775
158.5,2012-12-26 18:00:00,1.1615
68.6,2012-12-26 19:00:00,1.30775
4.5,2013-01-26 12:00:00,0.721
685.9,2013-01-26 13:00:00,1.0405
292.6,2013-01-26 14:00:00,1.32525
388.4,2013-01-26 15:00:00,1.50875
105.3,2013-01-26 16:00:00,1.601
344.3,2013-02-05 00:00:00,1.35975
586.2,2013-02-05 01:00:00,1.58975
352.1,2013-02-05 02:00:00,1.74025
91.7,2013-02-05 03:00:00,1.81075
67.6,2013-03-09 19:00:00,1.10325
272.9,2013-03-09 20:00:00,1.15025
303.8,2013-03-09 21:00:00,1.19975
335.2,2013-03-09 22:00:00,1.2590000000000001
356.5,2013-03-09 23:00:00,1.31825
305.3,2013-03-10 00:00:00,1.374
147.6,2013-03-10 01:00:00,1.39925
8.2,2013-03-10 02:00:00,1.39675
116.9,2013-03-16 20:00:00,0.6215
579.3,2013-03-16 21:00:00,0.88075
77.9,2013-03-16 23:00:00,1.185
39.3,2013-03-17 15:00:00,0.8375
107.9,2013-03-17 16:00:00,0.915
485.1,2013-05-15 01:00:00,0.13325
499.5,2013-05-15 02:00:00,0.19575
799.4,2013-05-15 03:00:00,0.26825
2774.4,2013-05-15 04:00:00,0.38075
1372.6,2013-05-15 05:00:00,0.483
866.9,2013-05-15 06:00:00,0.55625
840.0,2013-05-15 07:00:00,0.59925
539.2,2013-05-15 08:00:00,0.61375
369.1,2013-05-15 09:00:00,0.6085
251.8,2013-05-15 10:00:00,0.59125
113.5,2013-05-15 11:00:00,0.56825
74.3,2013-05-15 12:00:00,0.5415
12.5,2013-05-15 13:00:00,0.51175
112.5,2013-05-30 02:00:00,0.342
151.0,2013-05-30 03:00:00,0.3845
96.1,2013-05-30 04:00:00,0.418
1.6,2013-05-30 05:00:00,0.43575
286.7,2013-05-30 08:00:00,0.4525
159.9,2013-05-30 09:00:00,0.44425
66.0,2013-05-30 10:00:00,0.42875
7.4,2013-05-30 11:00:00,0.40725
848.9,2013-06-20 20:00:00,0.05225
419.2,2013-06-20 21:00:00,0.07675
207.2,2013-06-20 22:00:00,0.09775
94.1,2013-06-20 23:00:00,0.11175
1.2,2013-06-21 06:00:00,0.16575
107.5,2013-06-22 04:00:00,0.12300000000000001
26.2,2013-06-22 05:00:00,0.1395
224.5,2013-07-23 11:00:00,0.01525
80.6,2013-07-23 12:00:00,0.016
282.7,2013-07-27 23:00:00,0.0245
336.1,2013-07-28 00:00:00,0.0345
303.2,2013-07-28 01:00:00,0.04575
286.6,2013-07-28 02:00:00,0.05675
296.1,2013-07-28 03:00:00,0.0675
715.8,2013-07-28 04:00:00,0.08225
857.0,2013-07-28 05:00:00,0.096
442.4,2013-07-28 06:00:00,0.10425
58.6,2013-07-28 07:00:00,0.107
350.5,2013-07-29 17:00:00,0.07425
322.8,2013-07-29 18:00:00,0.09025
58.4,2013-07-29 19:00:00,0.10075
125.8,2013-07-30 19:00:00,0.07825
321.7,2013-07-30 20:00:00,0.09925
32.3,2013-07-30 21:00:00,0.1115
67.6,2013-07-31 16:00:00,0.1405
245.9,2013-07-31 17:00:00,0.158
377.2,2013-07-31 18:00:00,0.18100000000000002
583.5,2013-07-31 19:00:00,0.20600000000000002
399.6,2013-07-31 20:00:00,0.2205
57.3,2013-07-31 21:00:00,0.225
627.1,2013-08-02 20:00:00,0.14875
118.1,2013-08-02 21:00:00,0.19625
82.2,2013-08-02 22:00:00,0.2345
304.1,2013-08-03 04:00:00,0.3395
468.2,2013-08-03 05:00:00,0.366
42.7,2013-08-03 06:00:00,0.37525
133.2,2013-08-05 09:00:00,0.27225
155.8,2013-08-05 10:00:00,0.29725
28.0,2013-08-05 11:00:00,0.30775
484.3,2013-08-16 08:00:00,0.1535
0.7,2013-08-16 09:00:00,0.188
127.2,2013-08-16 10:00:00,0.20800000000000002
38.0,2013-08-16 11:00:00,0.21875
364.4,2013-08-22 19:00:00,0.06325
2184.2,2013-08-22 20:00:00,0.14225
271.4,2013-08-22 21:00:00,0.20075
222.7,2013-08-22 22:00:00,0.23725
51.4,2013-08-22 23:00:00,0.25675
1197.9,2013-08-23 23:00:00,0.18375
579.9,2013-08-24 00:00:00,0.24975
1352.8,2013-08-24 01:00:00,0.33775
1004.2,2013-08-24 02:00:00,0.42325
646.5,2013-08-24 03:00:00,0.47325
155.1,2013-08-24 04:00:00,0.49675
1.3,2013-08-24 06:00:00,0.5215
66.7,2013-08-24 07:00:00,0.52175
0.9,2013-08-24 08:00:00,0.50925
157.9,2013-09-06 10:00:00,0.1105
466.5,2013-09-06 12:00:00,0.20175
579.8,2013-09-06 13:00:00,0.23975
220.9,2013-09-06 14:00:00,0.261
48.0,2013-09-06 15:00:00,0.27
351.1,2013-10-02 08:00:00,0.0715
1312.9,2013-10-02 09:00:00,0.12
871.1,2013-10-02 10:00:00,0.17725
1298.3,2013-10-02 11:00:00,0.2425
663.9,2013-10-02 12:00:00,0.29100000000000004
507.3,2013-10-02 13:00:00,0.3185
237.9,2013-10-02 14:00:00,0.32975
37.3,2013-10-02 15:00:00,0.3295
135.9,2013-10-03 17:00:00,0.15825
233.3,2013-10-03 18:00:00,0.18325
63.3,2013-10-03 19:00:00,0.1965
222.0,2013-10-16 15:00:00,0.26225
276.2,2013-10-16 16:00:00,0.32625
308.3,2013-10-16 17:00:00,0.37925
249.4,2013-10-16 18:00:00,0.41200000000000003
211.1,2013-10-16 19:00:00,0.424
9.1,2013-10-16 20:00:00,0.42275
1060.9,2013-10-21 10:00:00,0.247
2324.5,2013-10-21 11:00:00,0.47125
1729.7,2013-10-21 12:00:00,0.695
1021.3,2013-10-21 13:00:00,0.84275
471.9,2013-10-21 14:00:00,0.92425
336.6,2013-10-21 15:00:00,0.95725
220.9,2013-10-21 16:00:00,0.95625
88.2,2013-10-21 17:00:00,0.93025
51.3,2013-10-21 18:00:00,0.88825
13.1,2013-10-21 19:00:00,0.8390000000000001
2323.7,2013-10-22 07:00:00,0.598
2275.4,2013-10-22 08:00:00,0.81975
1251.2,2013-10-22 09:00:00,0.97475
757.9,2013-10-22 10:00:00,1.0585
424.3,2013-10-22 11:00:00,1.0955
285.0,2013-10-22 12:00:00,1.09375
71.2,2013-10-22 13:00:00,1.06475
0.8,2013-10-22 14:00:00,1.01675
445.3,2013-10-25 08:00:00,0.40575
91.2,2013-10-25 09:00:00,0.52225
91.2,2013-10-25 10:00:00,0.597
42.3,2013-10-25 11:00:00,0.6385
212.4,2013-10-25 18:00:00,0.625
497.7,2013-10-25 19:00:00,0.65975
139.3,2013-10-25 20:00:00,0.6735
54.8,2013-10-28 10:00:00,0.62825
247.3,2013-10-28 11:00:00,0.696
81.5,2013-10-28 12:00:00,0.7265
395.9,2013-11-01 15:00:00,0.53
119.8,2013-11-01 16:00:00,0.74125
236.9,2013-11-01 17:00:00,0.87925
86.1,2013-11-01 18:00:00,0.955
382.3,2013-11-20 20:00:00,0.6940000000000001
1509.1,2013-11-20 21:00:00,1.012
2028.9,2013-11-20 22:00:00,1.386
1098.8,2013-11-20 23:00:00,1.67625
711.3,2013-11-21 00:00:00,1.8645
438.9,2013-11-21 01:00:00,1.9565
124.2,2013-11-21 02:00:00,1.9715
478.4,2013-12-16 06:00:00,0.38425
241.5,2013-12-16 07:00:00,0.527
364.4,2013-12-18 21:00:00,0.30725
720.7,2013-12-18 22:00:00,0.563
88.8,2013-12-19 00:00:00,0.843
814.9,2014-01-08 23:00:00,0.84225
620.2,2014-01-09 00:00:00,1.02
463.9,2014-01-09 01:00:00,1.158
282.1,2014-01-09 02:00:00,1.2505
157.8,2014-01-09 03:00:00,1.33825
271.4,2014-01-09 04:00:00,1.40475
92.7,2014-01-09 05:00:00,1.4235
242.5,2014-01-09 08:00:00,1.38325
376.5,2014-01-09 09:00:00,1.37625
374.3,2014-01-09 10:00:00,1.34425
184.7,2014-01-09 11:00:00,1.29825
57.5,2014-01-09 12:00:00,1.23575
264.4,2014-01-16 01:00:00,0.898
14.5,2014-01-16 02:00:00,1.113
141.3,2014-01-16 03:00:00,1.23975
554.7,2014-01-26 11:00:00,0.7405
1039.9,2014-01-26 12:00:00,1.0535
596.0,2014-01-26 13:00:00,1.29825
347.1,2014-01-26 14:00:00,1.47525
276.0,2014-01-26 15:00:00,1.5665
32.3,2014-01-26 16:00:00,1.5925
1.1,2014-01-31 16:00:00,0.6525
1029.9,2014-01-31 17:00:00,0.971
326.8,2014-01-31 18:00:00,1.2165
259.6,2014-01-31 19:00:00,1.3705
74.0,2014-01-31 20:00:00,1.46025
343.0,2014-02-06 22:00:00,1.158
570.0,2014-02-06 23:00:00,1.37925
288.4,2014-02-07 00:00:00,1.54875
242.1,2014-02-07 01:00:00,1.642
15.3,2014-02-07 02:00:00,1.66775
923.9,2014-02-11 10:00:00,0.94225
1378.0,2014-02-11 11:00:00,1.42325
1013.2,2014-02-11 12:00:00,1.788
438.7,2014-02-11 13:00:00,2.00425
201.5,2014-02-11 14:00:00,2.1055
68.0,2014-02-11 15:00:00,2.1245
0.3,2014-02-11 16:00:00,2.08425
130.0,2014-02-12 13:00:00,0.8325
451.4,2014-02-12 14:00:00,1.033
1511.8,2014-02-12 15:00:00,1.38325
1087.0,2014-02-12 16:00:00,1.69075
659.1,2014-02-12 17:00:00,1.87625
360.4,2014-02-12 18:00:00,1.96575
135.3,2014-02-12 19:00:00,1.99225
13.1,2014-02-12 20:00:00,1.9665
583.0,2014-03-02 22:00:00,1.01225
160.4,2014-03-02 23:00:00,1.30075
143.4,2014-03-03 00:00:00,1.46275
4.9,2014-03-03 01:00:00,1.53825
0.2,2014-03-27 22:00:00,0.6509999999999999
372.2,2014-03-27 23:00:00,0.8640000000000001
272.7,2014-03-28 00:00:00,1.005
48.7,2014-03-28 01:00:00,1.085
862.5,2014-03-28 03:00:00,1.401
1360.7,2014-03-28 04:00:00,1.62925
984.0,2014-03-28 05:00:00,1.77
373.0,2014-03-28 06:00:00,1.8205
118.5,2014-03-28 07:00:00,1.80825
95.9,2014-03-28 08:00:00,1.75225
86.1,2014-03-28 09:00:00,1.66725
66.2,2014-03-28 10:00:00,1.56475
26.1,2014-03-28 11:00:00,1.453
598.5,2014-04-07 15:00:00,0.6829999999999999
776.6,2014-04-07 16:00:00,0.934
448.6,2014-04-07 17:00:00,1.105
226.7,2014-04-07 18:00:00,1.196
84.6,2014-04-07 19:00:00,1.2285
9.8,2014-04-30 20:00:00,0.22
243.7,2014-04-30 21:00:00,0.3675
43.9,2014-05-10 03:00:00,0.29525
1031.4,2014-05-10 04:00:00,0.4755
566.3,2014-05-10 05:00:00,0.621
256.6,2014-05-10 06:00:00,0.7490000000000001
272.4,2014-05-10 07:00:00,0.835
168.4,2014-05-10 08:00:00,0.87875
0.6,2014-05-10 09:00:00,0.88825
471.4,2014-05-10 19:00:00,0.65075
647.0,2014-05-10 20:00:00,0.7185
254.3,2014-05-10 21:00:00,0.74775
7.8,2014-05-10 22:00:00,0.74975
1210.7,2014-05-22 07:00:00,0.3725
885.1,2014-05-22 08:00:00,0.514
502.3,2014-05-22 09:00:00,0.60975
269.8,2014-05-22 10:00:00,0.6645
196.9,2014-05-22 11:00:00,0.6855
79.0,2014-05-22 12:00:00,0.6835
1.4,2014-05-22 13:00:00,0.66575
637.5,2014-05-22 18:00:00,0.605
2310.7,2014-05-22 19:00:00,0.7185
1142.5,2014-05-22 20:00:00,0.80875
543.7,2014-05-22 21:00:00,0.853
199.5,2014-05-22 22:00:00,0.86875
6.8,2014-05-22 23:00:00,0.8605
76.2,2014-05-23 04:00:00,0.77625
177.5,2014-05-23 05:00:00,0.7905
39.0,2014-05-23 06:00:00,0.7925
339.4,2014-05-24 12:00:00,0.3735
983.1,2014-05-24 13:00:00,0.52325
459.5,2014-05-24 14:00:00,0.62425
209.5,2014-05-24 15:00:00,0.67925
2.8,2014-05-24 16:00:00,0.7005
322.4,2014-05-24 18:00:00,0.7975
443.1,2014-05-24 19:00:00,0.83575
228.7,2014-05-24 20:00:00,0.87575
164.6,2014-05-24 21:00:00,0.8895
13.3,2014-05-24 22:00:00,0.8859999999999999
236.2,2014-05-25 10:00:00,0.5975
637.0,2014-05-25 11:00:00,0.6895
407.4,2014-05-25 12:00:00,0.74475
84.6,2014-05-25 13:00:00,0.76625
951.5,2014-05-28 07:00:00,0.73175
1366.2,2014-05-28 08:00:00,0.9535
673.0,2014-05-28 09:00:00,1.1265
658.9,2014-05-28 10:00:00,1.2435
501.1,2014-05-28 11:00:00,1.29975
297.8,2014-05-28 12:00:00,1.3135
91.5,2014-05-28 13:00:00,1.30525
69.3,2014-05-28 14:00:00,1.2805
49.4,2014-05-28 15:00:00,1.2395
0.9,2014-05-28 16:00:00,1.18175
53.9,2014-06-04 11:00:00,0.78125
179.8,2014-06-04 12:00:00,0.8440000000000001
67.6,2014-06-04 13:00:00,0.87575
14.0,2014-06-04 14:00:00,0.941
377.4,2014-06-04 15:00:00,0.98075
164.2,2014-06-04 16:00:00,0.985
1.4,2014-06-04 17:00:00,0.96875
240.3,2014-06-07 10:00:00,0.45525
119.6,2014-06-09 11:00:00,0.27575
1960.9,2014-06-09 12:00:00,0.61475
2128.9,2014-06-09 13:00:00,1.061
1574.2,2014-06-09 14:00:00,1.3965
642.6,2014-06-09 15:00:00,1.59525
426.3,2014-06-09 16:00:00,1.69175
319.5,2014-06-09 17:00:00,1.715
109.3,2014-06-09 18:00:00,1.68625
38.3,2014-06-09 19:00:00,1.62275
242.2,2014-06-13 21:00:00,0.2655
1335.1,2014-06-13 22:00:00,0.5285
120.8,2014-06-13 23:00:00,0.73525
46.9,2014-06-14 00:00:00,0.86625
475.1,2014-07-08 16:00:00,0.225
68.3,2014-07-08 18:00:00,0.344
11.7,2014-07-08 19:00:00,0.37025
683.7,2014-07-19 18:00:00,0.32575
508.6,2014-07-19 19:00:00,0.3715
145.1,2014-07-19 20:00:00,0.39375
1.7,2014-07-19 21:00:00,0.4
1074.0,2014-08-08 18:00:00,0.0695
3951.8,2014-08-08 19:00:00,0.25175
3732.6,2014-08-08 20:00:00,0.47825
2691.1,2014-08-08 21:00:00,0.6505
1347.3,2014-08-08 22:00:00,0.7535
866.7,2014-08-08 23:00:00,0.8055
796.2,2014-08-09 00:00:00,0.82025
476.0,2014-08-09 01:00:00,0.80925
256.7,2014-08-09 02:00:00,0.78075
30.3,2014-08-09 03:00:00,0.73975
819.3,2014-08-10 10:00:00,0.2105
1922.5,2014-08-10 11:00:00,0.34875
2820.0,2014-08-10 12:00:00,0.5195
2028.1,2014-08-10 13:00:00,0.68925
922.9,2014-08-10 14:00:00,0.79875
493.6,2014-08-10 15:00:00,0.85575
492.4,2014-08-10 16:00:00,0.92225
1169.2,2014-08-10 17:00:00,0.98025
607.7,2014-08-10 18:00:00,0.996
246.7,2014-08-10 19:00:00,0.9805
30.3,2014-08-10 20:00:00,0.9445
114.9,2014-08-15 15:00:00,0.20325
149.4,2014-08-15 16:00:00,0.305
1696.7,2014-08-29 21:00:00,0.42525
1526.2,2014-08-29 22:00:00,0.5825
640.1,2014-08-29 23:00:00,0.705
720.2,2014-08-30 00:00:00,0.80025
476.9,2014-08-30 01:00:00,0.8485
88.3,2014-08-30 02:00:00,0.86
479.8,2014-10-06 10:00:00,0.16
237.3,2014-10-06 11:00:00,0.2135
139.8,2014-10-06 12:00:00,0.2485
26.5,2014-10-06 13:00:00,0.27375
120.2,2014-10-08 16:00:00,0.13825
1443.7,2014-10-08 17:00:00,0.26625
731.8,2014-10-08 18:00:00,0.38
507.5,2014-10-08 19:00:00,0.45325
167.7,2014-10-08 20:00:00,0.49275
17.6,2014-10-08 21:00:00,0.5075
614.0,2014-10-11 16:00:00,0.23375
503.4,2014-10-11 17:00:00,0.36225
137.9,2014-10-11 18:00:00,0.451
80.7,2014-10-11 19:00:00,0.50275
125.2,2014-10-14 11:00:00,0.42375
30.8,2014-10-14 12:00:00,0.44799999999999995
70.0,2014-11-07 11:00:00,0.5025
127.3,2014-11-07 12:00:00,0.5455
26.2,2014-11-07 13:00:00,0.5675
30.6,2014-11-07 14:00:00,0.60675
2775.9,2014-11-07 15:00:00,0.8290000000000001
2631.2,2014-11-07 16:00:00,1.103
1308.4,2014-11-07 17:00:00,1.2895
840.3,2014-11-07 18:00:00,1.392
513.9,2014-11-07 19:00:00,1.432
307.4,2014-11-07 20:00:00,1.4245
78.5,2014-11-07 21:00:00,1.383
0.9,2014-11-07 22:00:00,1.32025
60.0,2014-11-08 13:00:00,0.5725
608.6,2014-11-08 14:00:00,0.68575
531.1,2014-11-08 15:00:00,0.7975
410.9,2014-11-08 16:00:00,0.86375
72.2,2014-11-08 17:00:00,0.8915
2310.5,2014-11-14 11:00:00,0.6495
1177.0,2014-11-14 12:00:00,1.01
861.5,2014-11-14 13:00:00,1.2585
330.5,2014-11-14 14:00:00,1.401
191.5,2014-11-14 15:00:00,1.4655
98.1,2014-11-14 16:00:00,1.47475
35.5,2014-11-14 17:00:00,1.44575
6.9,2014-11-14 18:00:00,1.39025
0.2,2014-11-14 19:00:00,1.31825
153.3,2014-11-21 21:00:00,1.02525
2073.9,2014-11-21 22:00:00,1.43075
3030.1,2014-11-21 23:00:00,2.059
2108.3,2014-11-22 00:00:00,2.60525
846.3,2014-11-22 01:00:00,2.92575
446.0,2014-11-22 02:00:00,3.07275
132.2,2014-11-22 03:00:00,3.1005
0.6,2014-11-22 04:00:00,3.05025
472.7,2014-12-11 04:00:00,1.25
80.6,2014-12-11 05:00:00,1.56175
396.2,2014-12-11 06:00:00,1.7645
171.4,2014-12-11 07:00:00,1.8725
187.6,2014-12-11 08:00:00,1.9025
135.7,2014-12-11 09:00:00,1.87675
86.7,2014-12-11 10:00:00,1.81225
45.2,2014-12-11 11:00:00,1.72275
1.5,2014-12-11 12:00:00,1.61825
146.7,2014-12-11 20:00:00,1.104
174.9,2014-12-11 21:00:00,1.1415
245.3,2014-12-11 22:00:00,1.205
210.6,2014-12-11 23:00:00,1.26475
100.7,2014-12-12 00:00:00,1.32675
64.8,2014-12-12 01:00:00,1.37225
0.6,2014-12-12 02:00:00,1.4069999999999998
439.7,2014-12-12 04:00:00,1.6635
628.1,2014-12-12 05:00:00,1.7930000000000001
293.8,2014-12-12 06:00:00,1.84875
65.3,2014-12-12 07:00:00,1.857
80.4,2014-12-12 08:00:00,1.8285
80.2,2014-12-12 09:00:00,1.76425
31.9,2014-12-12 10:00:00,1.6765
1.4,2014-12-12 11:00:00,1.5755
42.2,2014-12-26 22:00:00,0.9815
19.3,2014-12-26 23:00:00,1.0835
36.0,2014-12-27 01:00:00,1.35325
839.4,2014-12-27 02:00:00,1.6059999999999999
1323.5,2014-12-27 03:00:00,1.87375
867.1,2014-12-27 04:00:00,2.10325
778.6,2014-12-27 05:00:00,2.26975
473.8,2014-12-27 06:00:00,2.373
289.2,2014-12-27 07:00:00,2.40175
35.5,2014-12-27 08:00:00,2.362
33.3,2014-12-27 12:00:00,2.02075
302.7,2014-12-27 13:00:00,1.9775
129.7,2014-12-27 14:00:00,1.9085
4.0,2014-12-27 15:00:00,1.82375
