riverflow,CSOspills,cso15,cso18
2.5555,1.3845,0,1.3845
1.006,0.3,0,0.3
1.1785,9.5154,2.7834,6.732
1.2625,29.6859,21.6945,7.9914
2.28425,331.83195,207.95565,123.8763
2.37925,62.80215,61.20255,1.5996
2.5725,1.39695,0,1.39695
3.5735,29.93565,20.5683,9.36735
2.093,85.9134,42.8232,43.0902
2.1795,317.9859,170.38275,147.60315
2.2685,322.7277,185.65065,137.07705
2.5195,116.52405,66.9897,49.53435
3.0845,14.66805,0,14.66805
1.7005,0.5676,0,0.5676
0.50025,11.4969,2.89425,8.60265
0.5595,127.6149,64.58205,63.03285
0.67825,0.3,0,0.3
0.776,34.1316,18.5772,15.5544
0.461,1.5939,0,1.5939
0.49075,290.71515,172.6698,118.04535
0.60625,62.02785,60.3648,1.66305
0.532,1.173,0,1.173
0.5595,44.9208,37.2363,7.6845
0.58125,43.776,21.08565,22.69035
0.61525,711.1119,472.8816,238.2303
0.74475,234.7527,116.89695,117.85575
0.78725,316.5039,207.9171,108.5868
0.7845,4.994475,0.15465,4.839825
0.85275,0.15165,0,0.15165
0.588,1.7184,0,1.7184
0.60075,844.3527,515.65665,328.69605
0.694,2.4978,2.32575,0.17205
0.325,89.53065,62.23665,27.294
0.331,13.17675,13.17675,0
0.373,1.0551,0,1.0551
0.384,0.6,0,0.6
0.46625,0.15,0,0.15
0.505,0.15,0,0.15
0.383,68.7489,55.8231,12.9258
0.58075,0.62565,0,0.62565
0.68,17.57445,15.0333,2.54115
0.47975,0.6,0,0.6
0.46725,58.752,33.6789,25.0731
0.486,314.6616,191.0181,123.6435
0.41875,5.4996,0,5.4996
0.42,632.52165,364.93905,267.5826
0.75525,124.6704,103.67895,20.99145
0.94325,438.64125,237.3018,201.33945
1.1445,206.7948,96.1332,110.6616
0.977,201.39645,130.1259,71.27055
1.182,6.09495,0,6.09495
1.2855,14.57415,0,14.57415
1.22875,120.43305,44.9979,75.43515
0.3995,0.8412,0,0.8412
0.395,0.8505,0,0.8505
0.4365,3.8394,0,3.8394
0.508,135.35055,93.4626,41.88795
0.60075,34.89225,0,34.89225
0.64125,31.5441,10.3668,21.1773
0.7005,0.465,0,0.465
0.686,5.85555,0,5.85555
0.718,76.1988,4.5252,71.6736
0.726,0.34065,0,0.34065
0.82825,374.38185,216.7716,157.61025
0.977,761.199,465.1287,296.0703
1.1555,863.92935,537.39675,326.5326
1.3765,1080.5577,657.84045,422.71725
1.7695,949.00665,604.85175,344.1549
2.451,33.41625,15.87225,17.544
3.023,29.0754,3.9726,25.1028
3.41375,506.2104,338.9598,167.2506
3.01325,131.1969,67.7439,63.453
2.93175,141.36375,72.3603,69.00345
2.96975,14.8209,4.47135,10.34955
3.169,3.65565,2.31855,1.3371
0.41875,279.3318,152.2746,127.0572
0.46725,245.7939,200.646,45.1479
0.4735,13.591875,8.856,4.735875
0.51175,9.502725,7.57425,1.928475
1.722,541.4313,312.18405,229.24725
1.86925,608.92455,415.44135,193.4832
2.14,147.04605,69.282,77.76405
5.42475,0.8394,0,0.8394
0.74025,1.0005,0,1.0005
1.935,1.4691,0,1.4691
2.7505,16.72245,0,16.72245
2.66,22.33425,0,22.33425
2.5715,2.826,0,2.826
1.714,8.18265,4.6569,3.52575
1.735,0.7941,0.7941,0
3.07125,0.3,0,0.3
1.1585,3.1662,0,3.1662
1.2435,1.68465,0,1.68465
1.408,479.96295,292.1142,187.84875
1.59775,27.3597,12.7539,14.6058
1.59375,0.3717,0,0.3717
3.01825,139.9446,93.6828,46.2618
4.28225,92.24985,55.3308,36.91905
4.3425,15.93825,14.6037,1.33455
4.756,0.849,0,0.849
4.49975,0.1536,0,0.1536
4.30025,102.2901,66.1431,36.147
4.2585,225.9315,128.86455,97.06695
4.324,243.9075,174.49485,69.41265
4.28225,0.15,0,0.15
4.118,253.5639,138.29475,115.26915
4.14125,94.55475,37.22025,57.3345
4.118,0.19755,0,0.19755
2.99875,0.2454,0,0.2454
3.1495,2.6349,0,2.6349
3.4195,64.9704,37.3812,27.5892
2.687,1.8285,0,1.8285
2.687,111.3015,92.0265,19.275
2.687,28.93365,16.47255,12.4611
2.7005,36.00615,14.83005,21.1761
1.756,6.6351,0,6.6351
1.855,53.74005,0,53.74005
1.987,29.25135,0,29.25135
2.16375,8.82555,0,8.82555
2.3335,48.86145,0.9726,47.88885
2.5025,49.2108,11.574,37.6368
2.71875,2.8341,0,2.8341
8.04825,539.3118,360.3792,178.9326
8.105,124.79565,51.918,72.87765
8.5975,719.10615,481.5141,237.59205
3.39325,823.60035,465.02535,358.575
4.2365,861.85905,551.51475,310.3443
0.436,7.78575,1.4265,6.35925
0.5235,154.6836,89.4012,65.2824
0.701,42.5199,16.55325,25.96665
0.81375,109.476,53.13855,56.33745
0.67025,405.7089,235.7751,169.9338
0.74875,154.563,116.6022,37.9608
1.91,35.9937,25.4898,10.5039
2.2135,1.9191,0,1.9191
0.5665,63.5667,42.61995,20.94675
0.588,49.6671,33.4026,16.2645
0.66225,74.1531,58.3053,15.8478
0.6225,7.8651,4.4532,3.4119
2.03225,138.2418,105.0537,33.1881
1.5805,11.535,2.8317,8.7033
1.732,165.11865,68.1627,96.95595
1.91125,459.3375,254.80725,204.53025
2.46725,548.57715,367.18095,181.3962
4.527,3.4185,0,3.4185
1.38,0.3,0,0.3
1.48525,284.13075,151.94535,132.1854
1.64825,676.44735,418.35375,258.0936
2.289,232.776,153.2898,79.4862
1.285,0.3027,0,0.3027
1.35,12.3609,0,12.3609
2.84,459.546,272.95095,186.59505
3.45175,126.7749,108.28155,18.49335
2.994,0.5214,0,0.5214
3.052,200.7891,148.5726,52.2165
0.628,305.2443,205.7337,99.5106
0.718,557.3547,346.3263,211.0284
0.718,49.8258,49.8258,0
0.71625,3.6714,1.7976,1.8738
0.702,356.12535,201.0102,155.11515
0.75325,676.98975,467.8335,209.15625
3.0215,0.489,0,0.489
3.2595,0.921,0,0.921
2.1245,0.1707,0,0.1707
2.30275,14.7615,10.8984,3.8631
2.2075,13.44975,10.15755,3.2922
2.43925,1.84125,1.84125,0
3.27525,687.7842,426.3036,261.4806
3.01325,287.0967,151.52595,135.57075
3.75675,727.119,488.70525,238.41375
5.3,214.52235,149.3388,65.18355
0.395,75.5031,60.2349,15.2682
0.608,124.6851,78.9054,45.7797
0.639,0.9666,0,0.9666
0.413,4.51875,0,4.51875
0.47875,74.10585,58.845,15.26085
0.56725,48.009,22.5831,25.4259
0.832,325.27485,167.51085,157.764
1.74425,1026.39795,624.3837,402.01425
6.494,256.6635,194.38395,62.27955
3.84375,26.2368,7.75035,18.48645
3.84375,315.38115,213.94215,101.439
3.777,12.97545,0,12.97545
3.75525,5.8656,0,5.8656
4.741,481.3089,315.2178,166.0911
3.75525,67.8393,54.4722,13.3671
1.4995,26.8377,22.1493,4.6884
1.7385,821.0103,488.7852,332.2251
1.91075,114.6969,96.5538,18.1431
2.093,9.1845,0,9.1845
2.16425,284.42025,193.8192,90.60105
2.28425,145.28685,77.7552,67.53165
3.534,194.412,136.9104,57.5016
4.207,591.96825,357.084,234.88425
9.20375,110.62905,97.2285,13.40055
3.09075,31.3587,26.3922,4.9665
1.8405,9.04995,0,9.04995
1.784,253.90905,185.6673,68.24175
1.5445,3.3729,0,3.3729
0.588,3.408,0,3.408
0.62075,48.8961,37.644,11.2521
0.46725,3.2595,1.5888,1.6707
0.4955,0.6657,0,0.6657
0.52725,4.842,0,4.842
0.6025,111.6987,54.6747,57.024
0.6705,1.9269,0,1.9269
1.15375,0.32205,0,0.32205
2.66925,1.74285,0,1.74285
0.9005,0.083925,0,0.083925
0.9005,60.192375,34.3011,25.891275
1.02925,18.45945,6.3135,12.14595
1.0985,13.75815,0,13.75815
1.491,474.0888,300.9222,173.1666
1.63775,22.4508,20.9508,1.5
3.73275,506.1567,281.5899,224.5668
5.592,575.067,365.5449,209.5221
7.3505,85.7382,48.3516,37.3866
10.5255,1.0821,0,1.0821
11.88625,717.3525,422.15685,295.19565
13.9615,291.5604,178.158,113.4024
18.79225,744.0318,481.2069,262.8249
21.6605,221.2434,92.90595,128.33745
21.898,76.11885,15.5556,60.56325
19.62025,42.15045,11.6649,30.48555
1.24,267.44175,171.2199,96.22185
1.327,326.35035,229.7958,96.55455
2.301,4.61115,0,4.61115
2.67075,588.33495,363.83235,224.5026
3.34525,40.8741,22.48335,18.39075
5.60575,680.4885,418.4916,261.9969
8.6015,19.0848,1.0968,17.988
1.0215,0.15,0,0.15
1.04975,0.15,0,0.15
1.15125,143.32635,67.8747,75.45165
1.16775,276.69375,171.5172,105.17655
1.33,4.37535,0,4.37535
1.586,69.99585,34.6932,35.30265
3.6465,2.97015,0,2.97015
3.518,623.1672,390.92025,232.24695
3.55,719.3907,460.7697,258.621
3.86325,416.67165,249.78735,166.8843
5.94925,4.917,4.0716,0.8454
6.75,1.0749,0,1.0749
4.36625,552.21135,359.95845,192.2529
4.36625,46.97565,45.37875,1.5969
1.47775,0.3,0,0.3
1.71475,849.4107,487.35825,362.05245
2.14525,416.2704,290.28255,125.98785
8.1635,43.74495,21.3051,22.43985
8.73425,5.88165,0,5.88165
1.64675,0.3,0,0.3
3.3105,26.9565,0,26.9565
3.09125,366.6807,265.0617,101.619
2.07825,0.6402,0,0.6402
2.017,16.6092,10.8963,5.7129
2.14025,6.8556,0,6.8556
2.301,149.1759,118.6554,30.5205
2.5715,2.7021,0,2.7021
1.30575,22.4808,16.6974,5.7834
2.36475,670.5249,430.47075,240.05415
2.78375,51.576,47.27235,4.30365
2.1845,2.0466,0,2.0466
4.025,17.93415,2.2593,15.67485
4.25375,740.8998,440.43795,300.46185
5.19125,783.9984,515.5323,268.4661
7.93475,103.26345,33.14685,70.1166
12.78175,285.30525,129.5871,155.71815
15.78025,51.7152,24.1032,27.612
16.54325,47.6376,1.2006,46.437
15.323,117.64995,49.1103,68.53965
14.022,858.1578,544.53465,313.62315
14.3665,276.1827,193.16895,83.01375
6.95375,0.6,0,0.6
6.822,54.4041,30.0174,24.3867
8.96,93.34305,60.69435,32.6487
10.0675,14.90445,14.00805,0.8964
3.27475,0.93705,0,0.93705
3.39275,179.10495,132.4017,46.70325
3.476,14.859,0.7599,14.0991
3.6465,2.2164,0,2.2164
3.87775,260.62455,157.48245,103.1421
3.89475,132.54225,63.74145,68.8008
3.7775,7.84545,0.47775,7.3677
3.95675,54.90405,38.13165,16.7724
2.7005,66.6279,49.3746,17.2533
2.8425,4.2351,0,4.2351
1.7245,2.3496,0,2.3496
1.86925,6.5973,0.3171,6.2802
1.9955,308.4345,178.7172,129.7173
4.595,3.9138,0,3.9138
6.98275,271.8666,147.2298,124.6368
2.8985,0.8493,0,0.8493
3.01325,18.4314,2.91405,15.51735
3.0325,656.7177,403.2099,253.5078
3.0905,286.41885,151.2225,135.19635
3.22425,7.19925,1.01895,6.1803
2.1795,2.2941,0,2.2941
2.156,18.6345,13.2795,5.355
0.82675,0.6174,0,0.6174
0.837,0.59025,0,0.59025
0.887,23.67405,8.574,15.10005
4.3055,0.6087,0,0.6087
1.51725,149.64855,74.5419,75.10665
2.36925,478.2672,276.6927,201.5745
5.70325,403.0065,226.0824,176.9241
10.51575,549.76095,312.60615,237.1548
13.173,586.8747,350.19495,236.67975
14.788,795.08415,505.41705,289.6671
15.6765,386.226,215.84385,170.38215
15.61,19.92525,7.7745,12.15075
0.67,189.8421,127.791,62.0511
0.83575,1.2717,0,1.2717
0.82825,1.8804,0,1.8804
0.66225,159.6825,109.14,50.5425
0.639,111.9093,80.2176,31.6917
0.702,0.3,0,0.3
0.639,324.674325,180.69285,143.981475
0.83,243.659625,167.2059,76.453725
0.35725,262.6677,166.6818,95.9859
0.505,8.94675,1.47315,7.4736
0.51175,169.90515,125.30025,44.6049
0.4365,2.5521,0,2.5521
0.686,42.4242,34.4631,7.9611
0.7385,0.60495,0,0.60495
0.82825,1.19235,0,1.19235
0.58675,24.603,19.4229,5.1801
0.588,24.3423,13.50285,10.83945
0.58075,48.7572,37.16505,11.59215
0.18725,249.14655,139.21095,109.9356
0.241,324.80655,251.63235,73.1742
0.21425,12.83715,5.1423,7.69485
0.241,45.40515,36.8409,8.56425
0.23775,29.202,22.2531,6.9489
0.2555,9.2847,9.2847,0
0.254,21.020475,7.9113,13.109175
0.292,0.363825,0,0.363825
0.258,0.20655,0,0.20655
0.247,36.22935,26.5734,9.65595
0.2825,26.0964,11.4309,14.6655
0.32625,32.8413,23.8851,8.9562
0.2535,53.1672,40.2378,12.9294
0.25675,13.4568,13.4568,0
0.334,35.68725,3.3942,32.29305
0.449,41.00865,0.8679,40.14075
0.4365,94.1673,30.5316,63.6357
0.461,20.9463,13.8204,7.1259
0.413,0.3,0,0.3
0.25925,16.6443,13.4871,3.1572
0.437,42.9513,36.1083,6.843
0.47825,2.29665,0,2.29665
0.521,29.59905,17.0985,12.50055
0.77225,3.48075,0,3.48075
0.8965,53.2398,15.9966,37.2432
0.95675,301.72095,157.78755,143.9334
1.15125,42.0414,14.01285,28.02855
1.349,6.1278,0,6.1278
1.77775,617.6022,330.7722,286.83
2.77075,1206.83295,679.8117,527.02125
4.579,1174.8945,679.36095,495.53355
8.12,1121.8173,674.6175,447.1998
12.38825,1076.8605,651.711,425.1495
14.403,1062.441,652.96035,409.48065
15.72525,877.21995,559.0704,318.14955
15.8035,339.8106,96.45,243.3606
14.83525,139.6083,0,139.6083
13.172,453.01365,237.3969,215.61675
11.551,878.72475,561.08115,317.6436
10.3045,384.0657,222.63345,161.43225
10.10575,64.10715,17.1966,46.91055
9.84075,106.50615,30.75225,75.7539
9.317,940.52505,584.75445,355.7706
8.72725,443.3142,267.86715,175.44705
8.4565,536.28915,364.52085,171.7683
8.07675,4.7079,0,4.7079
0.532,0.3,0,0.3
0.55225,0.6924,0,0.6924
0.759,149.9244,79.63095,70.29345
0.759,324.105,250.19775,73.90725
2.86225,132.87645,59.1594,73.71705
7.26975,787.4289,464.463,322.9659
12.5255,702.23175,462.4737,239.75805
15.253,141.1128,64.8207,76.2921
2.8985,30.75135,13.09245,17.6589
3.11275,281.96055,195.91815,86.0424
2.589,0.7002,0,0.7002
0.6545,96.8343,76.3191,20.5152
0.86175,20.4585,10.29705,10.16145
0.837,57.1038,48.93345,8.17035
0.7675,20.1636,10.1454,10.0182
1.0185,17.1156,10.8573,6.2583
1.64675,1.02705,0,1.02705
1.711,33.92865,25.3122,8.61645
1.92175,36.1161,23.304,12.8121
1.3315,1.18365,0,1.18365
1.30625,12.81345,8.4711,4.34235
2.5025,47.1534,37.5723,9.5811
1.81275,20.9655,12.8943,8.0712
2.7505,4.0662,0,4.0662
0.929,828.4629,483.6636,344.7993
0.9575,128.8263,101.0262,27.8001
0.967,60.68835,44.8905,15.79785
2.04725,258.19245,173.05395,85.1385
2.07775,54.79935,45.64245,9.1569
2.7555,56.1573,35.1969,20.9604
2.6245,105.9387,83.2584,22.6803
0.948,14.1993,10.4424,3.7569
0.9575,1.4409,0,1.4409
1.04725,0.3,0,0.3
2.13625,1.0914,0,1.0914
2.31725,2.97285,0,2.97285
2.8245,40.11495,31.7034,8.41155
0.75575,124.27695,69.4266,54.85035
0.9415,137.79975,94.3755,43.42425
1.01375,0.170625,0,0.170625
1.04725,0.88665,0,0.88665
0.79325,0.4392,0,0.4392
0.96725,0.435,0,0.435
1.037,2.2749,0,2.2749
1.162,0.15,0,0.15
1.18675,142.0542,75.1935,66.8607
1.27375,22.9257,14.4711,8.4546
1.38725,1.4637,0,1.4637
2.1795,0.15,0,0.15
2.19125,0.15,0,0.15
2.25175,1.27755,0,1.27755
2.64225,9.18735,0,9.18735
2.84275,2.5308,0,2.5308
3.083,40.8135,25.6749,15.1386
1.99075,49.2843,34.3578,14.9265
2.04725,0.33735,0,0.33735
2.07775,2.17965,0.5136,1.66605
2.156,42.5436,23.1363,19.4073
0.404,0.3414,0,0.3414
0.413,1.7133,0,1.7133
0.37875,0.3,0,0.3
0.3625,5.6187,0,5.6187
0.59525,3.82065,0,3.82065
0.67025,1.44615,0,1.44615
0.5605,452.04915,289.7187,162.33045
0.6025,15.74475,8.9751,6.76965
0.55275,0.3822,0,0.3822
0.89175,3.4167,1.0419,2.3748
1.79825,45.92775,29.49585,16.4319
1.987,18.93945,16.08765,2.8518
2.638,3.0528,0,3.0528
3.15575,38.9253,15.015,23.9103
4.66475,115.96485,57.64845,58.3164
6.63425,432.2892,251.4624,180.8268
8.029,114.90435,72.68415,42.2202
3.24425,2.8389,0.3894,2.4495
2.032,7.7538,4.6533,3.1005
2.0625,4.0539,4.0539,0
0.864,376.8147,267.8772,108.9375
1.10875,35.1936,27.1146,8.079
0.8995,111.91185,22.08225,89.8296
2.348,1027.02825,627.9939,399.03435
2.31975,63.6843,16.16085,47.52345
1.078,139.67355,90.6789,48.99465
1.06775,60.38205,58.8519,1.53015
0.846,105.55035,65.793,39.75735
0.9495,146.40945,115.8759,30.53355
0.759,5.9034,0,5.9034
0.79325,96.9954,80.9622,16.0332
1.042,320.0847,177.22935,142.85535
1.34375,327.492,247.95405,79.53795
0.94825,153.6366,96.7674,56.8692
1.04975,492.6486,300.1275,192.5211
1.16775,98.4417,94.7322,3.7095
0.9385,77.7978,61.7817,16.0161
1.00275,601.7403,345.6957,256.0446
1.50775,1081.5444,664.1259,417.4185
1.736,293.2941,175.971,117.3231
2.5305,188.1195,97.7907,90.3288
2.8995,341.0289,241.4121,99.6168
1.06775,75.2205,55.5489,19.6716
0.99625,13.2165,13.2165,0
0.929,13.5915,10.8753,2.7162
0.9845,58.176,48.882,9.294
1.13025,6.7554,0,6.7554
0.967,3.3099,0,3.3099
1.0255,75.91095,58.7943,17.11665
1.1785,66.68715,27.20355,39.4836
1.16775,255.8781,161.34855,94.52955
1.378,38.45205,19.8927,18.55935
1.078,17.7435,5.31765,12.42585
1.23225,290.0415,196.54935,93.49215
1.29675,14.8161,9.4362,5.3799
1.0395,1.1628,0,1.1628
1.19175,666.3579,384.6246,281.7333
1.3265,740.6478,493.1919,247.4559
1.41475,398.61615,215.77125,182.8449
1.67075,123.68235,93.40605,30.2763
1.93025,504.309,268.99275,235.31625
2.3665,1011.9915,638.31765,373.67385
2.67725,34.7352,17.1627,17.5725
1.35,223.7901,134.18235,89.60775
1.62475,180.1764,154.08315,26.09325
1.60725,3.3642,0,3.3642
1.82625,164.1402,84.65205,79.48815
1.88375,4.1139,3.82275,0.29115
1.749,0.39705,0,0.39705
2.02225,830.7597,496.1859,334.5738
2.149,572.4177,341.78655,230.63115
2.47375,376.83735,251.43945,125.3979
2.38125,391.0026,239.01375,151.98885
2.07825,68.6418,63.825,4.8168
2.5795,40.0155,30.0822,9.9333
1.47,139.6677,107.3838,32.2839
1.571,1.1916,0,1.1916
1.54825,24.3033,20.7552,3.5481
1.66,0.2004,0,0.2004
1.7355,612.939,398.7054,214.2336
1.7245,13.3809,7.3737,6.0072
1.869,145.04955,95.60205,49.4475
1.96575,124.78935,88.33575,36.4536
2.134,5.48175,0,5.48175
2.347,355.49055,194.4432,161.04735
3.00675,602.0772,345.5565,256.5207
6.26125,861.7398,549.0957,312.6441
10.5405,261.5556,168.9804,92.5752
8.59175,230.23815,127.36695,102.8712
8.056,414.88995,302.51565,112.3743
2.203,47.65875,16.8231,30.83565
2.475,388.17975,252.0168,136.16295
2.5875,6.2991,0,6.2991
4.118,37.4334,30.8445,6.5889
3.934,0.6,0,0.6
3.555,5.81625,0,5.81625
3.734,64.701,12.4833,52.2177
4.276,171.6471,77.4339,94.2132
6.09325,379.11405,191.87205,187.242
9.371,643.59435,400.08945,243.5049
13.16825,754.02375,454.22895,299.7948
16.24975,923.9955,589.6557,334.3398
17.75925,786.63345,509.37975,277.2537
18.60175,10.70355,0,10.70355
4.14175,3.8961,0,3.8961
4.9375,0.3108,0,0.3108
7.76525,153.7254,66.41445,87.31095
10.16575,110.8275,53.69415,57.13335
11.82925,3.72465,0,3.72465
10.5785,77.00865,59.4042,17.60445
6.58125,52.032,13.1481,38.8839
6.51075,609.7383,409.671,200.0673
5.1925,0.4323,0,0.4323
4.118,71.6514,58.7139,12.9375
4.23475,449.1453,266.5869,182.5584
4.36675,154.9839,135.4272,19.5567
4.36,0.3,0,0.3
4.324,46.4289,37.491,8.9379
4.73725,36.5496,26.3631,10.1865
4.9035,4.9293,4.7793,0.15
5.66725,118.3158,76.5891,41.7267
6.02125,1.0548,0,1.0548
6.61025,44.74965,11.4309,33.31875
7.7135,274.87425,179.1723,95.70195
4.599,39.7743,34.029,5.7453
5.42425,652.97355,422.11185,230.8617
6.15525,5.88165,5.88165,0
10.16125,70.3449,54.1488,16.1961
10.4,1.6599,0,1.6599
10.368,19.6617,10.2912,9.3705
9.7465,36.5001,29.5239,6.9762
7.274,44.48325,28.581075,15.902175
6.82275,84.6732,45.120825,39.552375
7.972,5.4144,1.8789,3.5355
9.20375,15.6774,0.23085,15.44655
9.03825,195.3552,133.88025,61.47495
6.97375,6.3984,0,6.3984
7.528,1.0524,0,1.0524
9.507,1.67805,0,1.67805
11.9875,7.0668,0,7.0668
13.78,0.203925,0,0.203925
15.10975,0.847125,0,0.847125
7.34325,265.78125,140.31945,125.4618
8.461,290.52975,217.71465,72.8151
8.05575,2.5167,0,2.5167
7.767,0.9669,0,0.9669
8.75825,95.7174,43.8261,51.8913
9.632,7.9734,3.2184,4.755
2.017,14.9274,11.3934,3.534
2.3165,69.0492,54.738,14.3112
2.8425,173.02005,93.08565,79.9344
3.1955,82.6176,55.03425,27.58335
3.54125,24.09555,9.2988,14.79675
4.36675,0.4299,0,0.4299
4.254,1.443,0,1.443
3.5395,2.2419,0,2.2419
3.497,66.063525,29.115975,36.94755
3.717,269.57985,154.75155,114.8283
4.32425,1.4226,0,1.4226
6.366,188.49975,100.7499,87.74985
9.16025,116.71935,73.2996,43.41975
5.1485,78.0699,59.6805,18.3894
2.6915,21.8481,6.315,15.5331
2.918,490.8006,291.0267,199.7739
3.21125,663.57015,377.8398,285.73035
4.462,207.08265,163.308,43.77465
8.97875,80.1129,53.4453,26.6676
8.7575,30.9834,21.6534,9.33
7.47775,15.8331,3.27765,12.55545
7.9795,127.9263,59.73255,68.19375
6.157,0.15,0,0.15
6.36475,398.1387,227.52765,170.61105
6.757,299.4975,176.16945,123.32805
4.4085,25.8039,19.9059,5.898
3.69625,1.071,0,1.071
4.92925,1.0296,0,1.0296
4.95,238.03305,112.842,125.19105
5.97225,937.4037,595.6974,341.7063
9.29325,0.67695,0,0.67695
8.9785,249.8337,146.26275,103.57095
8.7855,126.39105,103.3653,23.02575
8.70425,1.36095,1.36095,0
6.083,50.4324,32.85555,17.57685
5.95875,1.7337,1.40235,0.33135
6.3205,118.5216,87.1032,31.4184
4.5245,0.2154,0,0.2154
4.4755,10.1469,5.6073,4.5396
0.9525,0.3,0,0.3
1.006,5.5074,4.191,1.3164
1.0655,166.64175,86.14335,80.4984
1.20675,501.9051,340.08975,161.81535
1.2575,132.32985,59.6628,72.66705
7.154,30.16035,17.0562,13.10415
6.576,18.73335,13.4814,5.25195
1.554,1.3932,0,1.3932
1.2035,22.8498,0,22.8498
4.19625,45.1926,20.4828,24.7098
5.13825,15.1665,6.7023,8.4642
0.662,1.5405,0,1.5405
0.72625,20.0889,0,20.0889
0.7785,2.3187,0,2.3187
0.365,202.01235,125.625,76.38735
0.429,39.26565,38.2494,1.01625
0.3995,1.9944,0,1.9944
0.468,398.1228,232.1619,165.9609
0.7035,879.219,569.10795,310.11105
0.7505,234.7368,163.50855,71.22825
0.496,73.3263,46.0638,27.2625
0.50125,64.32675,32.13405,32.1927
0.65975,10.80105,10.80105,0
0.5655,227.18595,145.6989,81.48705
0.71125,36.86685,20.7693,16.09755
0.331,3.9933,0,3.9933
0.32725,326.09175,222.1008,103.99095
0.32725,96.11085,91.1751,4.93575
0.35725,22.6329,1.5711,21.0618
0.3625,123.3528,45.4842,77.8686
0.394,36.77475,8.2572,28.51755
0.40425,592.78005,399.2406,193.53945
0.532,376.70115,225.5295,151.17165
0.588,192.94665,78.2421,114.70455
0.64125,1.1661,0,1.1661
0.62075,0.3,0,0.3
0.384,36.67005,16.57665,20.0934
0.404,12.25755,4.35405,7.9035
0.67,121.1436,65.4036,55.74
0.686,699.723,445.071,254.652
0.772,1153.09935,674.66415,478.4352
1.06125,1067.5476,657.96165,409.58595
1.51975,530.34075,339.9774,190.36335
0.95775,6.24795,0,6.24795
1.0435,596.75925,394.5573,202.20195
1.12925,7.5234,1.5648,5.9586
1.198,397.0554,247.11945,149.93595
1.541,435.92745,260.67315,175.2543
2.101,244.27935,142.0338,102.24555
2.714,7.4355,0.3279,7.1076
2.93325,125.7099,88.9653,36.7446
3.4735,59.20635,6.35655,52.8498
5.21,9.8094,2.08695,7.72245
9.6615,7.20735,1.5111,5.69625
1.7455,58.9209,42.8139,16.107
1.8305,3.2244,0,3.2244
1.784,1.84005,0,1.84005
1.714,7.00425,5.2149,1.78935
7.10025,33.8124,21.0882,12.7242
2.485,24.1008,18.7428,5.358
3.92275,7.8144,4.5522,3.2622
2.99875,29.77305,10.9998,18.77325
3.0575,5.67225,2.1051,3.56715
5.763,291.36465,198.6642,92.70045
5.7345,10.20045,9.9489,0.25155
1.9495,17.3076,13.3596,3.948
0.67825,426.9438,266.3697,160.5741
0.76975,300.40605,175.2294,125.17665
0.8535,1.44615,0,1.44615
0.731,452.96175,255.8466,197.11515
0.8535,685.42245,460.3242,225.09825
2.5135,0.7035,0,0.7035
4.187,32.7498,23.3244,9.4254
0.77625,3.5649,0,3.5649
0.9225,297.8601,172.8378,125.0223
1.06775,3.1014,0,3.1014
1.99475,383.1222,246.0981,137.0241
1.9125,274.2798,178.7388,95.541
1.798,43.7277,19.1757,24.552
0.617,61.6914,49.3923,12.2991
0.4735,11.6523,4.5819,7.0704
0.50225,569.8521,369.37605,200.47605
0.5455,2.6487,1.73895,0.90975
1.48725,62.9664,33.6528,29.3136
1.88375,10.19535,0,10.19535
2.214,573.171,355.43295,217.73805
2.81475,801.2172,496.5954,304.6218
4.965,791.68545,469.96425,321.7212
10.49425,490.36395,305.3034,185.06055
15.19225,667.42185,387.32265,280.0992
17.59375,472.28385,280.93695,191.3469
17.9455,67.81755,18.5709,49.24665
16.655,1.4748,0,1.4748
1.02925,535.9371,304.6824,231.2547
1.2225,759.3642,492.4152,266.949
1.38625,558.56265,369.8961,188.66655
1.5615,0.22365,0,0.22365
0.2535,0.3,0,0.3
0.26125,73.2477,25.4964,47.7513
0.35375,70.81515,40.7877,30.02745
0.4485,17.64765,0.741,16.90665
0.71625,7.4058,0,7.4058
0.78,197.7987,134.23005,63.56865
0.8195,6.9522,4.47705,2.47515
0.8195,13.62825,1.3416,12.28665
0.855,123.49785,85.9791,37.51875
0.8645,347.35335,170.25615,177.0972
1.07075,468.44925,314.18325,154.266
1.535,10.80885,8.3547,2.45415
1.4905,1.6944,1.6944,0
1.368,1.2414,0,1.2414
0.64125,0.15,0,0.15
0.694,0.45,0,0.45
1.41625,16.25115,0,16.25115
1.526,52.09755,11.757,40.34055
3.85775,5.2809,0,5.2809
5.42575,4.827,0,4.827
6.83375,0.5424,0,0.5424
8.68675,111.3978,55.0098,56.388
10.77225,0.4575,0,0.4575
11.9035,279.9834,143.11095,136.87245
12.43625,280.3569,160.85385,119.50305
11.2345,163.34925,75.10005,88.2492
10.1,320.49,155.25615,165.23385
9.957,589.93995,354.53085,235.4091
10.979,238.5516,101.98935,136.56225
12.91,272.8932,126.5961,146.2971
14.836,64.3578,22.7343,41.6235
2.47225,2.8446,0,2.8446
2.4255,0.51465,0,0.51465
2.45525,39.52395,30.3189,9.20505
2.5365,196.91925,117.8571,79.06215
2.67475,314.691,175.9632,138.7278
3.58175,2.81025,0,2.81025
5.70875,26.1399,0,26.1399
7.57625,1.575,0,1.575
0.948,153.2487,81.2403,72.0084
1.198,266.2677,208.9566,57.3111
1.285,0.15,0,0.15
1.39525,48.9429,12.3609,36.582
3.14525,572.973,323.997,248.976
3.2805,431.9355,309.1443,122.7912
6.45975,67.4436,51.4218,16.0218
3.146,50.4309,22.52475,27.90615
3.57175,100.3389,57.76875,42.57015
1.8835,0.77415,0,0.77415
1.9125,487.54935,311.6763,175.87305
1.9495,15.2082,3.2208,11.9874
2.46025,2.25,0,2.25
2.589,0.3,0,0.3
4.72075,111.183,60.41955,50.76345
6.6775,873.63765,557.98545,315.6522
11.5985,347.8287,198.1206,149.7081
20.28725,533.97585,355.9659,178.00995
14.38675,21.9066,13.0908,8.8158
9.71725,47.23995,17.8635,29.37645
8.67925,248.37285,119.5662,128.80665
8.2695,473.3034,282.26265,191.04075
9.101,569.6367,327.7833,241.8534
10.28125,458.36055,309.98355,148.377
10.9175,0.20805,0,0.20805
2.60675,0.8952,0,0.8952
2.66,9.5259,0,9.5259
2.78725,526.65405,303.81285,222.8412
3.03875,890.49825,584.4288,306.06945
4.43975,855.5031,567.9693,287.5338
7.97375,342.0537,199.43865,142.61505
11.73575,15.90495,3.25185,12.6531
11.67675,26.97345,12.36315,14.6103
3.2595,171.0174,91.3131,79.7043
3.476,196.638,144.7197,51.9183
2.91375,0.3,0,0.3
3.417,6.4308,0,6.4308
3.587,15.981,0,15.981
4.25575,431.7828,310.2312,121.5516
5.48525,10.3104,7.1466,3.1638
5.3,1.1229,1.1229,0
7.76075,440.7249,264.8592,175.8657
8.19175,114.7335,102.1815,12.552
3.9,374.0355,238.1289,135.9066
4.09475,544.5405,316.6647,227.8758
4.51925,745.51815,471.5391,273.97905
5.87575,338.37495,190.64385,147.7311
9.76275,3.3381,1.03995,2.29815
12.99975,1.9875,0,1.9875
2.861,141.2931,74.2347,67.0584
2.99875,301.7613,159.50475,142.25655
3.2405,908.4471,568.45845,339.98865
3.89075,465.96255,269.37405,196.5885
6.49525,244.58895,180.89025,63.6987
2.4,0.6,0,0.6
0.702,0.55455,0,0.55455
0.71,0.98895,0,0.98895
1.024,1.2483,0,1.2483
1.57375,2.0607,0,2.0607
2.56975,25.5681,17.8533,7.7148
2.41275,222.6063,158.3694,64.2369
2.861,1.3416,0,1.3416
0.88425,0.3,0,0.3
0.4205,8.7087,5.8686,2.8401
0.844,7.1442,2.932125,4.212075
0.86525,45.53715,35.385375,10.151775
0.60275,11.88225,9.89505,1.9872
0.6495,0.771525,0,0.771525
0.746,6.28965,2.6439,3.64575
0.30575,6.1587,1.3788,4.7799
0.3435,146.48985,78.57675,67.9131
0.40075,30.25545,8.37855,21.8769
0.44575,0.6,0,0.6
0.64,99.5643,39.36585,60.19845
0.692,1080.77595,645.0405,435.73545
0.735,71.16945,25.05345,46.116
0.9985,0.68775,0,0.68775
1.0065,1.08645,0,1.08645
0.6585,34.24125,17.9667,16.27455
0.76825,15.31695,1.3779,13.93905
0.781,0.3138,0,0.3138
0.7565,24.0378,6.2775,17.7603
0.799,766.56825,490.78665,275.7816
0.9665,58.36425,55.56765,2.7966
0.78075,2.0205,0,2.0205
0.76775,37.5843,27.00015,10.58415
0.8535,11.55045,10.6092,0.94125
0.809,0.3,0,0.3
0.53275,3.375,0,3.375
0.387,5.9601,0,5.9601
0.3905,88.9314,77.7846,11.1468
0.39725,0.7272,0,0.7272
0.47,179.18355,97.83675,81.3468
0.5245,21.78675,8.67225,13.1145
0.5535,0.8598,0,0.8598
0.55375,24.0063,20.7318,3.2745
0.73025,408.87885,248.27235,160.6065
0.82425,351.82935,177.4989,174.33045
1.10375,967.87545,583.04205,384.8334
1.962,1015.5285,637.65735,377.87115
6.005,405.7209,272.11425,133.60665
9.05025,23.85465,4.0182,19.83645
0.49825,18.84165,14.77665,4.065
0.54825,75.99465,55.10685,20.8878
0.50625,2.28045,0,2.28045
0.53775,591.60645,394.98,196.62645
0.52225,1.8855,0.15,1.7355
0.56525,0.15,0.15,0
0.46775,630.4851,344.30235,286.18275
0.6265,218.0349,149.71935,68.31555
0.47075,189.6861,134.7603,54.9258
0.682,107.06355,56.8176,50.24595
0.7655,27.03645,18.924,8.11245
0.7175,196.79595,116.0268,80.76915
0.83675,112.59165,85.5774,27.01425
1.06725,58.8957,37.9275,20.9682
0.84225,822.408,486.5781,335.8299
0.832,255.3033,188.7711,66.5322
1.085,7.1886,4.1397,3.0489
0.5725,22.0059,6.1899,15.816
0.6355,706.78935,454.1391,252.65025
0.837,663.6588,438.1284,225.5304
1.0185,42.4863,12.75675,29.72955
1.06675,234.34425,124.79115,109.5531
1.129,0.3987,0,0.3987
1.72575,0.80925,0,0.80925
1.7405,1.19145,0,1.19145
1.685,6.3369,0,6.3369
1.68025,9.2274,1.0782,8.1492
1.6965,83.943,38.82165,45.12135
1.8265,1018.74165,616.4124,402.32925
2.18875,1088.61435,666.6003,422.01405
2.987,944.1969,553.5075,390.6894
4.88725,986.517,612.71325,373.80375
7.24025,1033.6557,619.6671,413.9886
10.652,1124.9463,665.03385,459.91245
15.3875,1162.9341,677.8764,485.0577
20.71525,991.08165,624.72465,366.357
24.3825,294.17505,93.4083,200.76675
23.005,441.0081,258.7473,182.2608
19.68175,924.64275,580.3947,344.24805
16.20575,991.9161,621.6087,370.3074
13.3435,335.35515,182.23485,153.1203
11.52375,74.38755,15.96105,58.4265
10.398,32.72115,2.8755,29.84565
6.9365,0.7221,0,0.7221
5.64275,1.2792,0,1.2792
1.6555,3.291,0,3.291
1.737,53.1963,29.6676,23.5287
2.10525,276.774,199.3722,77.4018
3.172,38.7939,24.6195,14.1744
3.36525,13.66485,0,13.66485
4.0925,384.41475,272.4573,111.95745
9.28525,151.9206,99.1686,52.752
4.0475,219.8796,112.07445,107.80515
4.6925,461.2458,325.38465,135.86115
6.537,172.0242,97.0017,75.0225
4.1765,238.283175,137.873625,100.40955
4.646,285.54855,214.33695,71.2116
2.473,229.90965,158.5101,71.39955
2.46575,4.60605,4.0293,0.57675
1.521,852.3222,502.75125,349.57095
1.963,1015.7781,639.13245,376.64565
2.1675,63.3945,57.2877,6.1068
8.876,41.0925,23.7126,17.3799
7.49775,25.34295,15.1992,10.14375
7.174,381.33885,236.1156,145.22325
1.97225,595.28415,378.95355,216.3306
2.17525,651.39555,391.3008,260.09475
2.36325,896.32665,523.3743,372.95235
3.3465,880.50255,570.71055,309.792
6.979,0.4005,0,0.4005
0.469,0.15795,0,0.15795
0.49575,0.15795,0,0.15795
0.833,17.52,12.4275,5.0925
4.3165,0.5625,0,0.5625
5.93825,2.0049,0,2.0049
1.9,1.63725,0,1.63725
2.36875,111.0399,46.3371,64.7028
3.13,2.10765,0,2.10765
3.763,0.15,0,0.15
3.79225,0.15,0,0.15
4.8525,627.6726,396.0936,231.579
4.635,249.5808,189.6564,59.9244
2.058,181.1733,138.7401,42.4332
2.47525,1.3272,0,1.3272
2.54025,0.15,0,0.15
2.918,0.324,0,0.324
3.20475,6.3969,3.369,3.0279
3.08575,3.369,3.369,0
2.53375,13.164,10.3827,2.7813
2.17825,28.809,4.6563,24.1527
2.3485,7.0743,2.6763,4.398
2.609,3.8733,0,3.8733
4.695,0.3,0,0.3
11.6825,1.0887,0,1.0887
11.562,730.74285,449.6163,281.12655
13.41275,70.63665,31.3206,39.31605
18.28775,327.23475,171.38145,155.8533
21.783,23.80965,1.43115,22.3785
21.4875,0.8886,0,0.8886
5.19025,115.41285,81.52365,33.8892
5.09425,18.34515,16.90635,1.4388
1.5515,5.59095,0,5.59095
1.62875,78.98415,63.4326,15.55155
1.51525,185.0301,142.4682,42.5619
1.83175,0.4845,0,0.4845
2.17025,0.3,0,0.3
2.3465,1.30095,0,1.30095
2.44125,467.12715,266.7516,200.37555
2.82725,933.7503,600.32235,333.42795
4.56875,55.593,20.64705,34.94595
1.35975,0.15,0,0.15
1.6725,45.2346,14.4402,30.7944
2.17,2.0487,0,2.0487
2.1995,0.7962,0,0.7962
0.56875,3.465,0,3.465
0.695,160.20555,113.8788,46.32675
1.015,4.0503,2.2155,1.8348
1.0245,0.3,0,0.3
0.33125,194.58885,108.01875,86.5701
0.3365,213.47925,177.42675,36.0525
0.26175,0.591,0,0.591
0.29825,341.80155,189.22845,152.5731
0.3925,87.36945,75.65205,11.7174
2.55725,109.90365,63.72795,46.1757
2.36075,21.48525,9.43185,12.0534
0.412,87.89985,68.004,19.89585
0.4765,19.57725,14.5503,5.02695
0.61175,27.8043,17.3313,10.473
0.81425,0.5499,0,0.5499
1.3335,2.0256,0,2.0256
0.389,149.73375,85.6695,64.06425
0.4445,108.78675,89.4759,19.31085
0.28825,4.0839,2.2815,1.8024
0.2905,297.2895,174.77505,122.51445
0.4085,848.67045,570.01965,278.6508
1.13375,799.9635,457.1583,342.8052
1.61725,262.56705,199.6749,62.89215
0.43225,125.4417,103.2333,22.2084
2.924,15.1023,9.2478,5.8545
0.5345,229.6008,147.40725,82.19355
0.46975,0.9855,0,0.9855
0.45475,60.89175,41.3082,19.58355
0.467,520.52715,350.4612,170.06595
0.4825,265.7148,146.1195,119.5953
0.49025,201.612,162.4896,39.1224
0.384,141.79695,77.56245,64.2345
0.45225,556.6515,381.60045,175.05105
0.4465,5.84175,5.3256,0.51615
0.36525,4.3203,0,4.3203
0.38625,131.5173,107.9895,23.5278
0.44,2.4324,0,2.4324
0.57425,608.7393,412.9371,195.8022
0.4915,12.26205,0,12.26205
0.47325,921.21795,559.9398,361.27815
0.49925,392.8761,276.0606,116.8155
0.633,4.25775,0,4.25775
1.20725,118.79985,97.494,21.30585
0.83525,206.08515,119.3244,86.76075
0.84775,783.81105,523.3032,260.50785
1.77975,1.269,0,1.269
1.87575,225.9771,116.6532,109.3239
2.0245,21.9633,4.9401,17.0232
3.1325,5.45535,0,5.45535
3.818,2.10525,0,2.10525
2.2065,269.69295,160.55445,109.1385
2.178,294.70575,222.92865,71.7771
2.43525,21.0915,10.71375,10.37775
2.22975,85.7685,70.44105,15.32745
0.62475,235.64325,112.69875,122.9445
0.798,650.75745,437.47095,213.2865
1.58925,8.7375,0,8.7375
1.9105,206.5965,111.585,95.0115
3.1025,303.7503,142.02465,161.72565
2.941,591.3189,388.04445,203.27445
0.41375,125.03055,63.8526,61.17795
0.44125,18.43005,1.8699,16.56015
1.9925,91.64385,50.6229,41.02095
2.08725,38.98785,27.4422,11.54565
0.58625,19.7493,12.123,7.6263
0.76525,4.248,1.2741,2.9739
1.29375,1.3515,0,1.3515
2.36425,404.60415,252.17745,152.4267
2.4965,325.87785,210.04845,115.8294
2.75175,235.9638,188.3355,47.6283
8.372,149.9493,105.6162,44.3331
8.78775,37.3278,23.1018,14.226
1.2265,0.98085,0,0.98085
1.273,34.55355,27.4311,7.12245
1.3115,0.2052,0.2052,0
2.0715,0.6951,0,0.6951
2.20375,493.68255,314.94075,178.7418
2.37325,15.8826,1.11495,14.76765
2.693,89.02935,43.899,45.13035
5.24025,5.62845,0,5.62845
6.7345,237.2466,124.8471,112.3995
7.691,51.26775,18.0336,33.23415
10.13925,17.412,0,17.412
11.3075,4.4181,0,4.4181
5.8355,1.0881,0,1.0881
5.992,8.097,0,8.097
6.562,0.15,0,0.15
7.6045,354.6102,205.75755,148.85265
9.009,303.87,176.10375,127.76625
10.04475,1.557,0,1.557
2.9205,37.1514,9.504,27.6474
5.54575,320.7957,174.7023,146.0934
9.31425,1016.05515,627.5205,388.53465
13.93375,1105.9278,670.6617,435.2661
18.80975,958.59165,610.30365,348.288
22.4655,308.6364,150.5199,158.1165
21.9165,11.1315,0.73995,10.39155
19.52425,0.3,0,0.3
1.26475,0.3513,0,0.3513
1.221,46.0272,19.7175,26.3097
2.02,269.97735,146.11065,123.8667
3.45025,610.92495,419.96865,190.9563
4.033,336.69705,188.3742,148.32285
4.08625,446.72535,271.9656,174.75975
4.65975,452.4528,251.09685,201.35595
8.02875,100.14585,53.82465,46.3212
13.43575,61.09215,19.8537,41.23845
17.2075,25.65,0.5502,25.0998
16.50925,58.0827,4.2885,53.7942
14.98175,31.0479,6.6816,24.3663
13.0265,47.9019,7.6539,40.248
13.6405,106.22895,41.8572,64.37175
14.25225,11.0226,0,11.0226
14.41,17.21055,0,17.21055
7.48875,12.4779,3.9828,8.4951
3.99175,303.19845,183.63225,119.5662
4.48525,49.41675,45.72525,3.6915
8.5955,163.4967,88.93545,74.56125
9.745,140.7045,98.84775,41.85675
5.22475,332.8455,220.665,112.1805
5.60175,0.15,0,0.15
6.171,57.0156,34.0323,22.9833
8.05825,0.87285,0,0.87285
7.92025,184.70955,111.9186,72.79095
3.20375,7.6941,1.44645,6.24765
3.4975,28.9161,15.80415,13.11195
3.38175,14.6901,5.7999,8.8902
2.1145,0.237,0,0.237
2.25375,0.9585,0,0.9585
2.5865,3.1407,0,3.1407
0.68275,117.7152,75.45645,42.25875
0.675,86.2461,83.95245,2.29365
5.27525,92.5968,50.2473,42.3495
6.00975,1.4127,0,1.4127
7.6935,1.2243,0,1.2243
13.55975,0.31065,0,0.31065
16.72475,0.94935,0,0.94935
3.345,31.36275,3.42015,27.9426
3.45825,427.42905,241.61565,185.8134
3.35675,349.26885,187.713,161.55585
3.532,104.33325,34.5258,69.80745
3.5845,8.7507,1.0209,7.7298
2.423,0.582,0,0.582
2.31525,2.1132,0,2.1132
0.49175,197.46315,112.0968,85.36635
0.59875,297.60105,176.6787,120.92235
0.7155,598.51305,385.6392,212.87385
0.90625,20.90865,0,20.90865
1.026,7.9716,6.1674,1.8042
1.006,1.5207,0,1.5207
7.91075,11.5185,2.48505,9.03345
9.03975,50.2662,6.94185,43.32435
9.72875,4.242,0,4.242
9.244,4.4727,0,4.4727
7.771,1.419,0,1.419
9.07475,7.3866,0,7.3866
9.77375,2.6238,0,2.6238
11.17225,2.39745,0,2.39745
13.02675,22.59615,0.9531,21.64305
18.64625,3.55965,0,3.55965
18.33575,305.50365,157.31805,148.1856
18.79075,455.00685,259.92435,195.0825
17.46675,202.9917,99.0807,103.911
13.38925,0.56775,0,0.56775
4.422,2.5959,0,2.5959
4.579,191.45085,89.72205,101.7288
4.692,574.3005,340.6026,233.6979
4.3925,711.3831,446.106,265.2771
4.55525,509.34915,305.12655,204.2226
4.787,143.7282,66.942,76.7862
0.35175,0.3,0,0.3
0.2855,0.96435,0,0.96435
0.38175,24.80685,4.6734,20.13345
0.26325,4.1739,0,4.1739
0.256,34.7568,12.4362,22.3206
0.429,830.3064,569.83575,260.47065
0.35775,59.2173,57.90435,1.31295
0.2745,24.59055,19.35285,5.2377
0.36775,245.21325,150.91095,94.3023
0.2665,14.3013,10.7154,3.5859
0.2955,12.0402,11.8902,0.15
0.3555,29.56245,10.4286,19.13385
0.40025,71.48535,38.934,32.55135
0.51175,2.4318,0,2.4318
0.47075,1.2879,0.7929,0.495
0.56625,477.786,300.91605,176.86995
0.62675,21.9183,21.62745,0.29085
0.3425,257.36955,154.82835,102.5412
0.3435,66.19065,62.94915,3.2415
0.33725,295.9098,175.90125,120.00855
0.4525,484.27935,278.5113,205.76805
0.599,384.36195,259.60605,124.7559
0.61725,6.213,0.2634,5.9496
0.759,0.7518,0.2634,0.4884
0.678,644.62785,400.10475,244.5231
0.84525,722.0607,489.60465,232.45605
1.02725,19.53795,12.0726,7.46535
1.32925,293.6181,180.3273,113.2908
1.335,25.1982,10.1607,15.0375
1.702,5.2629,0,5.2629
0.9425,71.5713,48.8805,22.6908
0.46125,779.2557,440.66595,338.58975
0.52175,855.231,543.70785,311.52315
1.1725,57.7722,40.8249,16.9473
1.3345,4.27275,0,4.27275
1.79275,411.21195,270.5139,140.69805
4.13825,0.48,0,0.48
3.99775,71.895,44.8479,27.0471
0.276,1.50885,0,1.50885
0.40575,12.46605,10.6662,1.79985
0.471,64.7694,44.5824,20.187
0.5485,12.3138,11.5686,0.7452
0.3875,221.472,166.7601,54.7119
0.4025,5.51235,0,5.51235
0.4445,106.38435,73.4406,32.94375
0.41225,1.1796,0,1.1796
0.5,130.8192,88.7604,42.0588
0.5825,39.17775,5.11455,34.0632
0.70075,594.49605,395.46645,199.0296
0.723,738.7002,426.18555,312.51465
0.9245,667.6143,441.28305,226.33125
8.063,50.0088,26.34645,23.66235
7.89025,28.3863,9.53565,18.85065
7.3605,101.6397,33.8331,67.8066
7.88625,319.8501,208.4631,111.387
4.54425,0.3,0,0.3
4.243,100.3587,54.8091,45.5496
4.15175,5.3823,0,5.3823
0.587,0.7404,0,0.7404
0.651,10.05435,0,10.05435
0.7515,192.34365,100.9083,91.43535
0.44025,0.20565,0,0.20565
0.47225,0.50565,0,0.50565
0.47725,230.84055,136.3719,94.46865
0.4855,17.32155,13.8303,3.49125
1.31375,74.60415,39.9258,34.67835
1.42425,306.1608,181.6575,124.5033
1.5845,77.2884,21.3192,55.9692
2.05325,11.418,0,11.418
3.917,12.0588,0,12.0588
6.91525,47.2134,4.6029,42.6105
8.52575,36.8391,5.0901,31.749
9.6405,0.52755,0,0.52755
1.63575,172.9203,108.82785,64.09245
1.5245,87.2487,76.83345,10.41525
1.2375,0.79995,0,0.79995
1.40125,313.90575,200.2977,113.60805
4.166,2.3463,0,2.3463
4.2,11.9526,6.5259,5.4267
4.997,0.3,0,0.3
1.985,192.6192,131.90565,60.71355
2.06725,40.2309,31.27485,8.95605
2.405,9.4614,2.8014,6.66
2.4325,73.84275,33.20415,40.6386
2.58075,249.5106,122.71395,126.79665
2.816,25.98315,4.9674,21.01575
4.57725,5.5302,0,5.5302
4.80525,126.3297,90.0561,36.2736
4.06425,11.1132,0.3,10.8132
4.51125,3.6015,0,3.6015
2.85775,55.5837,30.8349,24.7488
5.059,122.0673,49.46985,72.59745
5.938,72.46245,47.88555,24.5769
6.3145,8.16345,0,8.16345
1.91225,0.9132,0,0.9132
1.927,4.4043,0,4.4043
1.906,6.2892,0,6.2892
1.92,0.6357,0,0.6357
1.9535,1.3272,0,1.3272
1.97575,10.2465,0,10.2465
2.00875,125.2026,22.2768,102.9258
2.09375,258.5478,116.38335,142.16445
2.127,246.44745,100.46175,145.9857
2.22325,363.804,183.5703,180.2337
2.31,327.88725,158.38425,169.503
2.47575,357.7677,169.5414,188.2263
2.67425,608.68575,356.7198,251.96595
2.95475,708.51795,438.585,269.93295
3.27475,784.7055,495.41925,289.28625
3.70125,974.8362,607.78845,367.04775
4.047,1093.107,654.93015,438.17685
4.546,1146.4686,674.56275,471.90585
5.27525,1165.05135,676.88895,488.1624
6.03975,1166.991,678.258,488.733
6.88225,1140.7548,675.42825,465.32655
8.13125,1116.57495,671.49225,445.0827
9.52075,964.93485,608.61075,356.3241
11.0255,388.2063,142.03845,246.16785
12.1345,176.199,0,176.199
13.1845,16.93785,0,16.93785
1.3005,1.5345,0,1.5345
1.2895,0.5859,0,0.5859
1.33125,37.5315,14.2128,23.3187
1.38125,101.6613,47.1555,54.5058
1.474,121.68915,42.9378,78.75135
1.579,327.38475,179.7717,147.61305
1.694,0.2892,0,0.2892
7.2395,34.995,24.5196,10.4754
3.492,356.7618,207.55215,149.20965
3.6875,253.8282,200.99595,52.83225
4.15225,0.8463,0,0.8463
2.6885,97.12485,54.051,43.07385
2.87275,358.69545,207.27825,151.4172
4.6855,4.1739,0.73845,3.43545
9.75825,343.0611,215.265,127.7961
14.425,24.042,12.0699,11.9721
15.07425,24.1152,16.6116,7.5036
3.7935,5.6082,0,5.6082
3.94725,179.589,70.7553,108.8337
4.3635,700.8906,425.3487,275.5419
5.56525,619.1874,385.28085,233.90655
9.34675,554.76975,348.60285,206.1669
12.99025,1.18575,0,1.18575
18.3235,140.62635,67.77975,72.8466
19.40075,635.05905,403.58295,231.4761
20.49675,2.2248,0,2.2248
17.074,22.9734,6.6573,16.3161
14.23575,610.09725,360.2766,249.82065
12.77525,332.46945,223.512,108.95745
1.9165,18.05805,5.81415,12.2439
1.954,247.32285,170.65695,76.6659
1.563,1.4349,0,1.4349
1.4935,214.0791,109.31205,104.76705
1.5415,711.19515,476.07825,235.1169
1.587,26.84535,7.0248,19.82055
2.085,23.18685,5.9856,17.20125
2.12225,300.61905,159.7242,140.89485
2.32925,8.6103,0,8.6103
2.6365,2.0106,0,2.0106
3.23075,89.9625,25.5069,64.4556
13.37725,1.49565,0,1.49565
12.2375,50.48565,36.2613,14.22435
10.165,5.8986,0,5.8986
0.8575,0.15,0,0.15
0.89275,0.5217,0,0.5217
1.00325,40.6821,28.6185,12.0636
0.44725,31.9173,10.76985,21.14745
0.71125,419.3127,297.80085,121.51185
0.719,0.5967,0,0.5967
0.4635,2.01,1.5015,0.5085
0.5065,0.3,0,0.3
0.676,10.9371,0,10.9371
0.873,2.5776,0,2.5776
0.77575,80.2362,44.9346,35.3016
0.45275,25.4559,20.2623,5.1936
0.47475,6.3552,6.3552,0
0.46125,17.1474,13.7175,3.4299
0.4695,7.2423,0,7.2423
0.46875,106.2438,87.3051,18.9387
0.443,82.0584,67.0206,15.0378
0.564,38.5599,22.1973,16.3626
0.55975,0.9309,0,0.9309
0.634,686.79195,412.6161,274.17585
0.791,442.5477,309.525,133.0227
0.82775,220.13295,107.2947,112.83825
1.175,135.4365,67.251,68.1855
0.9285,948.597,582.9384,365.6586
1.281,499.9638,342.4056,157.5582
1.63825,321.0876,183.62025,137.46735
2.278,486.93,269.14245,217.78755
3.07775,195.4791,151.7055,43.7736
5.195,346.7118,201.7878,144.924
7.648,518.45745,323.8341,194.62335
7.62525,181.07805,142.9182,38.15985
7.189,1.0635,0,1.0635
0.53625,0.16635,0,0.16635
0.522,78.35145,47.13,31.22145
0.78675,782.39715,410.8152,371.58195
3.87775,739.6731,415.48215,324.19095
4.834,397.28265,239.85165,157.431
3.288,841.93815,487.69305,354.2451
2.8855,98.48415,60.31275,38.1714
0.8065,18.88545,14.79105,4.0944
0.795,8.5323,7.1982,1.3341
0.936,7.866,3.50895,4.35705
1.21725,231.1377,114.1662,116.9715
1.26375,225.86325,181.2723,44.59095
2.364,58.7112,30.1761,28.5351
0.83575,42.3225,33.6021,8.7204
0.90175,21.00405,5.28945,15.7146
1.13325,195.42255,154.12395,41.2986
0.5855,2.0178,0,2.0178
0.8685,199.51665,107.8326,91.68405
0.885,16.03035,14.7156,1.31475
1.005,0.7074,0,0.7074
1.129,291.7953,188.7741,103.0212
1.2745,50.12715,16.05225,34.0749
2.8985,337.31415,248.33205,88.9821
19.8045,270.2805,160.4922,109.7883
14.485,141.28005,100.8666,40.41345
12.27125,543.74145,332.75655,210.9849
10.46025,86.088,51.90045,34.18755
11.75925,362.12055,214.59915,147.5214
10.86225,197.59305,155.96925,41.6238
7.0955,42.2892,31.161,11.1282
4.5615,1.2684,0,1.2684
0.94175,179.83215,96.1473,83.68485
1.04625,181.10805,147.627,33.48105
0.924,17.3124,12.2493,5.0631
0.98375,3.3279,3.3279,0
0.62625,0.831,0,0.831
0.7655,2.1195,0,2.1195
0.7755,118.69905,58.5498,60.14925
0.99925,234.22605,141.5208,92.70525
0.7645,1.4091,0,1.4091
4.27875,107.1366,52.87545,54.26115
5.64475,181.0077,86.23635,94.77135
6.87275,0.4236,0,0.4236
8.77025,0.15,0,0.15
1.5135,2.85255,0,2.85255
1.5755,149.84775,84.0456,65.80215
2.732,109.5153,45.6708,63.8445
2.86775,755.586,477.4026,278.1834
3.48025,1035.1383,632.2287,402.9096
6.2345,1160.00235,676.2657,483.73665
10.60625,859.41885,527.9331,331.48575
15.06375,74.09565,0,74.09565
19.566,4.9722,0,4.9722
21.0875,246.40155,119.28225,127.1193
19.4295,384.20175,234.38895,149.8128
17.2295,594.2652,336.01455,258.25065
16.70675,1000.4643,617.8221,382.6422
16.55175,335.89575,192.2799,143.61585
16.08825,348.633,188.2143,160.4187
14.81475,21.5034,0.16545,21.33795
14.0785,562.6668,338.5737,224.0931
13.90575,647.1543,394.2288,252.9255
15.48525,379.57485,201.5532,178.02165
17.3805,978.54435,596.8083,381.73605
20.21825,605.84415,397.3635,208.48065
22.798,1.97565,0,1.97565
2.4665,197.664,148.0173,49.6467
2.19975,473.24355,253.3755,219.86805
2.27625,755.55345,486.6252,268.92825
0.78025,3.46425,0,3.46425
0.7595,70.27215,58.5015,11.77065
0.581,1.20285,0,1.20285
0.62,299.56725,196.8954,102.67185
0.5975,3.6396,3.4896,0.15
0.76225,8.67195,6.8355,1.83645
0.567,51.9036,43.4673,8.4363
0.821,38.7522,31.0752,7.677
0.8545,10.0404,10.0404,0
1.69475,24.33825,18.83805,5.5002
1.9525,2.1693,1.38855,0.78075
2.03025,27.17535,22.1532,5.02215
1.827,1.8444,0,1.8444
1.901,24.9222,21.8676,3.0546
1.5315,7.41735,0.18885,7.2285
1.68325,596.3865,352.40925,243.97725
1.99625,237.88605,178.1628,59.72325
1.2885,0.6936,0,0.6936
1.5645,0.6051,0,0.6051
1.65475,11.8725,2.58765,9.28485
1.7745,288.12105,188.35695,99.7641
1.874,1.30515,0,1.30515
1.92225,3.5409,0,3.5409
1.93075,367.28115,206.0364,161.24475
2.5,1083.0327,643.60335,439.42935
4.75525,1150.6989,676.10115,474.59775
12.61125,878.21865,537.2208,340.99785
25.24825,43.4655,0,43.4655
32.33625,6.8631,0,6.8631
1.05875,24.749625,19.248975,5.50065
1.10725,9.164775,9.164775,0
1.6565,159.5859,107.4345,52.1514
1.6735,8.2416,7.9806,0.261
1.4175,24.81165,0,24.81165
1.69125,752.17065,485.8602,266.31045
4.71975,295.158,177.2751,117.8829
6.048,476.7246,316.5936,160.131
7.5565,17.9808,1.4916,16.4892
6.18625,17.3112,12.2067,5.1045
3.473,0.3,0,0.3
5.974,0.8841,0,0.8841
7.191,691.2525,441.13335,250.11915
8.72475,104.1672,85.54035,18.62685
3.92175,5.01435,3.27165,1.7427
1.90175,1.40745,0,1.40745
1.98975,34.40895,26.2623,8.14665
2.2725,251.9844,155.82075,96.16365
2.33825,265.41165,154.75095,110.6607
4.15925,25.4673,1.44,24.0273
11.75675,13.23405,0,13.23405
5.602,0.6648,0,0.6648
5.302,2.6097,0.3,2.3097
3.29175,0.15,0,0.15
3.64525,11.57205,2.92635,8.6457
4.20525,61.51845,33.9429,27.57555
5.37625,88.3914,49.97385,38.41755
7.21025,0.6,0,0.6
7.13525,229.36935,124.4352,104.93415
8.25325,108.53265,65.3709,43.16175
3.86675,4.3182,0,4.3182
4.804,30.2712,22.8885,7.3827
2.44125,0.2076,0,0.2076
2.54425,470.9742,296.3535,174.6207
2.61125,45.1089,19.5942,25.5147
2.51775,0.3,0,0.3
9.4905,9.4623,0,9.4623
11.2425,7.1613,0,7.1613
0.839,0.7053,0,0.7053
0.8755,0.4053,0,0.4053
1.1695,296.0475,142.224,153.8235
1.162,555.5379,383.9328,171.6051
1.15425,98.8623,46.3695,52.4928
1.3435,366.1446,216.8463,149.2983
1.276,3.4062,0,3.4062
1.51825,8.5908,0,8.5908
9.84725,503.8161,302.7993,201.0168
9.1435,495.00675,332.3511,162.65565
8.31825,123.486,64.27065,59.21535
7.9055,117.46725,52.31385,65.1534
8.0185,4.0971,0,4.0971
8.5625,407.24055,206.9634,200.27715
9.397,801.13005,526.2924,274.83765
11.1875,13.7388,0,13.7388
13.133,4.2921,0,4.2921
9.01475,2.0856,0,2.0856
8.2815,0.15,0,0.15
6.97875,1.1955,0,1.1955
2.84775,894.97425,464.8497,430.12455
5.4245,783.95025,455.25105,328.6992
9.17825,862.34475,517.66095,344.6838
18.007,12.68745,0,12.68745
25.109,20.1534,5.4,14.7534
3.3605,6.7881,0,6.7881
3.31925,127.2087,106.8591,20.3496
2.50925,50.4837,39.5694,10.9143
24.79975,618.4479,341.1579,277.29
27.49875,1167.17775,678.2607,488.91705
34.06725,977.50905,614.63205,362.877
32.53725,495.66375,256.33995,239.3238
29.58675,322.69035,174.91125,147.7791
26.3915,301.7622,137.4924,164.2698
22.9085,40.8849,8.84625,32.03865
7.409,0.1893,0,0.1893
7.67425,173.3583,85.7607,87.5976
8.18275,139.09665,92.6022,46.49445
9.75325,80.08455,30.4821,49.60245
11.1155,1.05,0,1.05
12.554,1.5975,0,1.5975
5.72675,4.9491,1.2327,3.7164
7.074,327.66255,178.7388,148.92375
8.37575,80.97315,50.3274,30.64575
1.08325,115.5975,58.8795,56.718
1.18975,155.7963,81.2514,74.5449
1.42675,2.2296,0,2.2296
2.038,679.5321,385.46055,294.07155
4.75225,1071.85125,661.33185,410.5194
10.19825,327.51855,192.825,134.69355
12.56,16.62255,0,16.62255
12.594,523.8207,329.4291,194.3916
11.65425,14.54325,0,14.54325
6.714,100.22325,48.2955,51.92775
6.93975,313.83645,221.3916,92.44485
8.9015,119.11815,48.1092,71.00895
12.61575,25.94355,12.5523,13.39125
2.15225,164.8581,114.1452,50.7129
4.58175,7.0611,0,7.0611
5.07975,32.655,18.6675,13.9875
1.669,2.148,1.0605,1.0875
1.7105,122.81835,76.6218,46.19655
1.69575,110.80425,85.047,25.75725
1.089,0.6,0,0.6
0.636,119.5107,85.8855,33.6252
0.83625,241.623,148.0221,93.6009
1.244,280.19505,163.8459,116.34915
1.18825,279.53895,216.9648,62.57415
2.68675,8.14965,0,8.14965
2.823,879.5577,559.81935,319.73835
3.45625,332.58585,211.61355,120.9723
0.63575,4.6515,0,4.6515
0.5985,0.54825,0,0.54825
0.61625,3.54825,0,3.54825
0.8635,22.5462,17.1984,5.3478
0.7875,4.9638,4.9638,0
1.09575,14.9658,0,14.9658
1.5035,521.82795,325.87515,195.9528
2.26925,557.90985,387.66135,170.2485
2.63125,0.5829,0,0.5829
3.33525,172.7556,68.2893,104.4663
6.09975,573.807,390.0204,183.7866
0.876,116.118,51.71415,64.40385
0.973,175.23315,68.6982,106.53495
1.2605,674.80935,426.5838,248.22555
2.28475,25.5411,15.94545,9.59565
0.71075,39.7812,30.8766,8.9046
10.6845,411.0378,277.1055,133.9323
8.35625,14.9382,0,14.9382
8.0785,466.0782,323.1438,142.9344
1.14525,62.5248,13.1469,49.3779
1.3885,15.9597,1.5102,14.4495
1.51775,17.931,0,17.931
2.097,170.88495,63.63945,107.2455
3.8565,8.69055,3.61695,5.0736
5.65925,3.474,0,3.474
6.5705,145.53645,68.3739,77.16255
6.519,748.92735,471.4896,277.43775
6.737,587.84865,371.10105,216.7476
8.1325,97.6869,12.20985,85.47705
10.499,209.61825,85.4784,124.13985
12.13225,196.36245,73.45155,122.9109
13.89475,251.7009,104.8479,146.853
16.08775,944.56785,603.4104,341.15745
17.85175,437.9751,285.04005,152.93505
2.6685,1.39215,0,1.39215
3.14,174.2652,76.0473,98.2179
4.87775,112.8186,32.8164,80.0022
8.376,4.26855,0,4.26855
4.2745,77.49255,33.03525,44.4573
5.1325,343.75305,199.2771,144.47595
7.09725,22.2285,7.89825,14.33025
8.58475,30.98115,15.44325,15.5379
8.6705,268.99815,149.85975,119.1384
10.29025,33.43035,13.46655,19.9638
11.15125,204.22095,137.22645,66.9945
6.13625,9.78345,0,9.78345
8.62875,862.0389,538.0617,323.9772
13.17975,0.26325,0,0.26325
2.53075,0.3,0,0.3
3.47025,142.7061,72.5562,70.1499
5.299,19.6878,7.6362,12.0516
2.70575,0.3207,0,0.3207
2.0575,3.59595,0,3.59595
2.2305,78.16335,59.72355,18.4398
2.63475,216.09,106.82655,109.26345
3.466,85.9932,50.2341,35.7591
7.86425,0.3,0,0.3
5.16525,0.65115,0,0.65115
5.00125,10.365225,8.28975,2.075475
4.65575,0.3366,0,0.3366
5.1755,1.0425,0,1.0425
1.665,112.4823,57.2121,55.2702
1.662,0.15,0,0.15
2.15125,1.0353,0,1.0353
2.1925,83.7345,40.2747,43.4598
2.16525,83.4333,48.3114,35.1219
2.4915,0.7761,0,0.7761
2.26325,65.2032,15.4488,49.7544
2.025,231.01215,104.30145,126.7107
2.0005,304.58895,147.5256,157.06335
1.96475,246.6822,123.0483,123.6339
1.97,13.6197,1.90755,11.71215
2.5645,129.8703,61.21995,68.65035
2.58675,599.8464,393.63855,206.20785
2.81425,31.1076,1.9929,29.1147
3.5015,13.7475,0,13.7475
4.406,1.1868,0,1.1868
1.95,3.5193,0,3.5193
2.0305,17.4372,1.2141,16.2231
2.2075,178.95315,74.19885,104.7543
2.66025,646.84395,387.21975,259.6242
4.687,862.87155,540.85965,322.0119
8.76025,507.47325,322.17495,185.2983
9.47675,90.23115,40.7136,49.51755
8.08375,391.9002,206.58795,185.31225
7.295,485.247,292.88985,192.35715
6.947,645.3243,377.7678,267.5565
6.8635,829.56435,533.2899,296.27445
7.01975,20.3628,5.2248,15.138
6.23275,218.199,132.0525,86.1465
5.6515,58.4832,52.8786,5.6046
4.13225,27.06525,16.22805,10.8372
4.1315,32.38785,25.18965,7.1982
4.67875,100.26255,52.6083,47.65425
6.80975,20.13165,8.2311,11.90055
8.68975,0.7518,0,0.7518
9.6605,3.5298,0,3.5298
2.8345,112.9812,68.0346,44.9466
2.73625,88.88655,46.9638,41.92275
2.76275,7.08045,0.5256,6.55485
1.90175,117.2574,46.0713,71.1861
2.051,745.1946,474.45375,270.74085
2.3785,852.77415,528.45315,324.321
3.68925,1090.6254,650.93055,439.69485
6.38275,1068.03765,650.83275,417.2049
8.8025,1038.7953,628.2708,410.5245
9.807,997.43025,617.50995,379.9203
10.36225,557.3154,325.1052,232.2102
10.83025,290.25645,123.77055,166.4859
11.11275,34.9962,0,34.9962
10.321,119.5593,61.5363,58.023
9.42325,4.2705,0,4.2705
3.56125,60.84435,36.4794,24.36495
3.352,87.97095,45.4917,42.47925
4.935,27.0735,19.24155,7.83195
5.01725,12.2208,11.98935,0.23145
