cso15,cso18,CSOspills,Riverflow,Time
0,1.3845,1.3845,1.928959,2003/1/1 23:00
0,0.3,0.3,1.34956,2003/1/8 9:15
2.7834,6.732,9.5154,2.941324,2003/1/8 22:15
21.6945,7.9914,29.6859,2.9391,2003/1/8 23:15
207.95565,123.8763,331.83195,1.499941,2003/1/15 15:30
61.20255,1.5996,62.80215,1.912474,2003/1/15 16:30
0,1.39695,1.39695,2.386236,2003/1/17 4:45
20.5683,9.36735,29.93565,2.912438,2003/1/17 5:45
42.8232,43.0902,85.9134,1.440232,2003/1/22 9:45
170.38275,147.60315,317.9859,1.581158,2003/1/22 10:45
185.65065,137.07705,322.7277,1.847474,2003/1/22 11:45
66.9897,49.53435,116.52405,2.1195,2003/1/22 12:45
0,14.66805,14.66805,2.354526,2003/1/22 13:45
0,0.5676,0.5676,1.103128,2003/2/1 22:15
2.89425,8.60265,11.4969,0.481337,2003/3/1 20:45
64.58205,63.03285,127.6149,0.498207,2003/3/1 21:45
0,0.3,0.3,0.536902,2003/3/10 17:00
18.5772,15.5544,34.1316,0.595868,2003/3/11 11:00
0,1.5939,1.5939,0.14972,2003/4/28 7:15
172.6698,118.04535,290.71515,0.70893,2003/4/30 12:00
60.3648,1.66305,62.02785,0.699119,2003/4/30 13:00
0,1.173,1.173,1.382746,2003/4/30 19:00
37.2363,7.6845,44.9208,1.44955,2003/4/30 20:00
21.08565,22.69035,43.776,1.269887,2003/5/1 7:00
472.8816,238.2303,711.1119,1.315968,2003/5/1 8:00
116.89695,117.85575,234.7527,1.781969,2003/5/1 9:00
207.9171,108.5868,316.5039,2.403453,2003/5/1 10:00
0.3093,9.67965,9.98895,0.831836,2003/5/3 17:30
0,0.15165,0.15165,0.874045,2003/5/3 18:30
0,1.7184,1.7184,0.506326,2003/5/19 19:00
515.65665,328.69605,844.3527,0.672,2003/5/19 20:00
2.32575,0.17205,2.4978,0.504825,2003/5/19 21:00
62.23665,27.294,89.53065,0.345199,2003/5/30 16:00
13.17675,0,13.17675,0.332173,2003/5/30 17:00
0,1.0551,1.0551,0.243279,2003/6/22 5:15
0,0.6,0.6,0.216862,2003/7/1 12:15
0,0.15,0.15,0.236269,2003/7/1 13:15
0,0.15,0.15,0.287511,2003/7/1 14:15
55.8231,12.9258,68.7489,0.17354,2003/7/21 16:15
0,0.62565,0.62565,0.202196,2003/7/25 5:00
15.0333,2.54115,17.57445,0.207656,2003/7/25 6:00
0,0.6,0.6,0.321161,2003/7/29 22:15
33.6789,25.0731,58.752,0.326593,2003/7/29 23:15
191.0181,123.6435,314.6616,0.333991,2003/7/30 0:15
0,5.4996,5.4996,0.130921,2003/9/7 23:00
364.93905,267.5826,632.52165,0.318576,2003/9/21 23:45
103.67895,20.99145,124.6704,0.85653,2003/9/22 0:45
237.3018,201.33945,438.64125,1.269383,2003/9/22 1:45
96.1332,110.6616,206.7948,1.676756,2003/9/22 2:45
130.1259,71.27055,201.39645,2.206324,2003/9/22 3:45
0,6.09495,6.09495,2.652129,2003/9/22 4:45
0,14.57415,14.57415,3.01319,2003/9/22 5:45
44.9979,75.43515,120.43305,3.304106,2003/9/22 6:45
0,0.8412,0.8412,0.348941,2003/9/27 9:45
0,0.8505,0.8505,0.254504,2003/10/9 1:45
0,3.8394,3.8394,0.263253,2003/10/21 13:15
93.4626,41.88795,135.35055,0.284998,2003/10/21 14:15
0,34.89225,34.89225,0.362435,2003/10/21 15:15
10.3668,21.1773,31.5441,0.48569,2003/10/21 16:15
0,0.465,0.465,0.637254,2003/10/21 17:15
0,5.85555,5.85555,0.810208,2003/10/21 19:15
4.5252,71.6736,76.1988,0.832153,2003/10/21 20:15
0,0.34065,0.34065,0.887615,2003/10/21 21:15
216.7716,157.61025,374.38185,1.060641,2003/10/22 1:15
465.1287,296.0703,761.199,1.084246,2003/10/22 2:15
537.39675,326.5326,863.92935,1.179115,2003/10/22 3:15
657.84045,422.71725,1080.5577,1.369039,2003/10/22 4:15
604.85175,344.1549,949.00665,1.512774,2003/10/22 5:15
15.87225,17.544,33.41625,1.87274,2003/10/22 6:15
3.9726,25.1028,29.0754,2.249194,2003/10/22 7:15
338.9598,167.2506,506.2104,2.442474,2003/10/22 8:15
67.7439,63.453,131.1969,2.854597,2003/10/22 11:15
72.3603,69.00345,141.36375,2.856594,2003/10/22 12:15
4.47135,10.34955,14.8209,2.869774,2003/10/22 13:15
2.31855,1.3371,3.65565,2.852754,2003/10/22 14:15
152.2746,127.0572,279.3318,0.467438,2003/10/31 9:15
200.646,45.1479,245.7939,0.498688,2003/10/31 10:15
17.712,9.47175,27.18375,0.362876,2003/11/28 15:00
15.1485,3.85695,19.00545,0.402482,2003/11/28 16:00
312.18405,229.24725,541.4313,0.585156,2003/11/29 15:00
415.44135,193.4832,608.92455,0.664853,2003/11/29 16:00
69.282,77.76405,147.04605,0.831434,2003/11/29 17:00
0,0.8394,0.8394,1.445312,2003/11/29 22:00
0,1.0005,1.0005,1.307492,2003/12/20 8:30
0,1.4691,1.4691,2.488799,2003/12/20 16:30
0,16.72245,16.72245,3.663205,2003/12/21 0:30
0,22.33425,22.33425,4.159405,2003/12/21 1:30
0,2.826,2.826,4.602633,2003/12/21 2:30
9.3138,7.0515,16.3653,1.023905,2003/12/26 4:45
1.5882,0,1.5882,1.245394,2003/12/26 5:45
0,0.3,0.3,2.244041,2003/12/26 23:45
0,3.1662,3.1662,1.288254,2003/12/31 19:00
0,1.68465,1.68465,1.518865,2004/1/8 16:45
292.1142,187.84875,479.96295,1.769476,2004/1/8 17:45
12.7539,14.6058,27.3597,2.24206,2004/1/8 18:45
0,0.3717,0.3717,2.993468,2004/1/11 6:15
93.6828,46.2618,139.9446,4.64139,2004/1/11 20:15
55.3308,36.91905,92.24985,5.609811,2004/1/12 4:15
14.6037,1.33455,15.93825,5.596751,2004/1/12 5:15
0,0.849,0.849,5.473047,2004/1/12 13:15
0,0.1536,0.1536,5.489049,2004/1/12 14:15
66.1431,36.147,102.2901,5.939353,2004/1/12 15:15
128.86455,97.06695,225.9315,6.316397,2004/1/13 0:15
174.49485,69.41265,243.9075,6.268329,2004/1/13 1:15
0,0.15,0.15,4.539,2004/1/13 11:15
138.29475,115.26915,253.5639,4.539,2004/1/13 12:15
37.22025,57.3345,94.55475,4.539,2004/1/13 13:15
0,0.19755,0.19755,4.539,2004/1/13 14:15
0,0.2454,0.2454,2.560556,2004/1/16 1:00
0,2.6349,2.6349,2.916512,2004/1/16 2:00
37.3812,27.5892,64.9704,3.333457,2004/1/16 3:00
0,1.8285,1.8285,1.036924,2004/1/26 6:15
92.0265,19.275,111.3015,1.074489,2004/1/26 7:15
16.47255,12.4611,28.93365,1.118231,2004/1/26 8:15
14.83005,21.1761,36.00615,1.156659,2004/1/26 9:15
0,6.6351,6.6351,1.518418,2004/1/31 9:45
0,53.74005,53.74005,1.69357,2004/1/31 10:45
0,29.25135,29.25135,1.970775,2004/1/31 11:45
0,8.82555,8.82555,2.409999,2004/1/31 12:45
0.9726,47.88885,48.86145,2.899068,2004/1/31 13:45
11.574,37.6368,49.2108,3.419178,2004/1/31 14:45
0,2.8341,2.8341,3.591531,2004/1/31 15:45
360.3792,178.9326,539.3118,2.642684,2004/2/1 16:45
51.918,72.87765,124.79565,2.795728,2004/2/1 17:45
481.5141,237.59205,719.10615,3.102459,2004/2/1 18:45
465.02535,358.575,823.60035,2.378696,2004/2/5 16:45
551.51475,310.3443,861.85905,4.604844,2004/2/5 17:45
2.853,12.7185,15.5715,0.367691,2004/3/19 6:00
178.8024,130.5648,309.3672,0.370099,2004/3/19 7:00
16.55325,25.96665,42.5199,0.579614,2004/3/19 9:00
53.13855,56.33745,109.476,0.742402,2004/3/19 10:00
235.7751,169.9338,405.7089,0.97613,2004/3/19 12:00
116.6022,37.9608,154.563,1.026898,2004/3/19 13:00
25.4898,10.5039,35.9937,0.884445,2004/3/20 10:00
0,1.9191,1.9191,1.014253,2004/3/20 11:00
85.2399,41.8935,127.1334,0.387313,2004/4/2 21:15
33.4026,16.2645,49.6671,0.417161,2004/4/3 13:15
58.3053,15.8478,74.1531,0.42583,2004/4/3 14:15
4.4532,3.4119,7.8651,0.460732,2004/4/3 15:15
105.0537,33.1881,138.2418,0.732842,2004/4/18 17:00
2.8317,8.7033,11.535,0.736672,2004/4/18 22:00
68.1627,96.95595,165.11865,0.834209,2004/4/18 23:00
254.80725,204.53025,459.3375,1.028121,2004/4/19 0:00
367.18095,181.3962,548.57715,1.366183,2004/4/19 1:00
0,3.4185,3.4185,1.85723,2004/4/19 2:00
0,0.3,0.3,0.680527,2004/4/30 2:00
151.94535,132.1854,284.13075,0.734447,2004/4/30 3:00
418.35375,258.0936,676.44735,0.819799,2004/4/30 4:00
153.2898,79.4862,232.776,0.958421,2004/4/30 5:00
0,0.3027,0.3027,0.438788,2004/5/4 1:15
0,12.3609,12.3609,0.454631,2004/5/4 2:15
272.95095,186.59505,459.546,0.673984,2004/5/4 17:15
108.28155,18.49335,126.7749,0.719668,2004/5/4 18:15
0,0.5214,0.5214,0.752431,2004/5/5 12:15
148.5726,52.2165,200.7891,0.760525,2004/5/5 13:15
205.7337,99.5106,305.2443,0.701,2004/5/21 0:45
346.3263,211.0284,557.3547,0.701,2004/5/21 7:45
49.8258,0,49.8258,0.701,2004/5/21 8:45
1.7976,1.8738,3.6714,0.285309,2004/5/29 8:45
201.0102,155.11515,356.12535,0.726,2004/5/31 20:45
467.8335,209.15625,676.98975,0.826,2004/5/31 21:45
0,0.489,0.489,2.396244,2004/6/26 14:00
0,0.921,0.921,3.195,2004/6/26 15:00
0,0.1707,0.1707,0.912236,2004/6/30 11:30
10.8984,3.8631,14.7615,1.014675,2004/6/30 12:30
10.15755,3.2922,13.44975,1.181246,2004/7/2 15:45
1.84125,0,1.84125,1.336249,2004/7/2 16:45
426.3036,261.4806,687.7842,1.760258,2004/7/3 13:30
151.52595,135.57075,287.0967,3.347909,2004/7/3 14:30
488.70525,238.41375,727.119,4.841689,2004/7/3 15:30
298.6776,130.3671,429.0447,4.018444,2004/7/4 13:00
60.2349,15.2682,75.5031,0.252375,2004/8/3 17:00
78.9054,45.7797,124.6851,0.55,2004/8/3 23:00
0,0.9666,0.9666,0.362217,2004/8/4 4:00
0,4.51875,4.51875,0.333417,2004/8/9 9:00
58.845,15.26085,74.10585,0.340689,2004/8/9 10:00
22.5831,25.4259,48.009,0.555684,2004/8/9 15:00
167.51085,157.764,325.27485,0.723918,2004/8/9 16:00
624.3837,402.01425,1026.39795,1.009075,2004/8/9 17:00
194.38395,62.27955,256.6635,2.115007,2004/8/9 18:00
7.75035,18.48645,26.2368,4.14508,2004/8/10 8:00
213.94215,101.439,315.38115,4.075379,2004/8/10 9:00
0,12.97545,12.97545,4.041667,2004/8/10 10:00
0,5.8656,5.8656,4.15828,2004/8/10 11:00
315.2178,166.0911,481.3089,2.635339,2004/8/12 18:00
54.4722,13.3671,67.8393,2.832318,2004/8/13 9:00
22.1493,4.6884,26.8377,0.714768,2004/8/17 12:30
488.7852,332.2251,821.0103,2.386,2004/8/17 15:30
96.5538,18.1431,114.6969,2.386,2004/8/17 16:30
0,9.1845,9.1845,1.14103,2004/8/18 9:30
193.8192,90.60105,284.42025,1.154459,2004/8/18 10:30
77.7552,67.53165,145.28685,1.861747,2004/8/18 11:30
136.9104,57.5016,194.412,1.861747,2004/8/18 18:30
357.084,234.88425,591.96825,2.811877,2004/8/18 20:30
97.2285,13.40055,110.62905,3.499125,2004/8/18 21:30
26.3922,4.9665,31.3587,2.878315,2004/8/19 14:30
0,9.04995,9.04995,0.787046,2004/8/24 4:30
185.6673,68.24175,253.90905,1.906,2004/8/24 5:30
0,3.3729,3.3729,0.698633,2004/8/26 19:45
0,3.408,3.408,0.431381,2004/9/6 4:30
37.644,11.2521,48.8961,0.616,2004/9/6 5:30
1.5888,1.6707,3.2595,0.466,2004/9/16 21:45
0,0.6657,0.6657,0.348887,2004/10/4 1:45
0,4.842,4.842,0.457367,2004/10/4 3:45
54.6747,57.024,111.6987,0.586797,2004/10/4 4:45
0,1.9269,1.9269,0.783009,2004/10/4 5:45
0,0.32205,0.32205,1.146747,2004/10/4 7:45
0,1.74285,1.74285,1.314873,2004/10/4 8:45
0,0.16785,0.16785,0.508492,2004/10/13 20:45
68.6022,51.78255,120.38475,1.067,2004/10/13 21:45
6.3135,12.14595,18.45945,0.604116,2004/10/14 21:00
0,13.75815,13.75815,1.352,2004/10/14 22:00
300.9222,173.1666,474.0888,5.896,2004/10/15 22:00
20.9508,1.5,22.4508,5.896,2004/10/15 23:00
281.5899,224.5668,506.1567,5.873,2004/10/16 1:00
365.5449,209.5221,575.067,5.873,2004/10/16 2:00
48.3516,37.3866,85.7382,5.873,2004/10/16 3:00
0,1.0821,1.0821,5.873,2004/10/16 4:00
422.15685,295.19565,717.3525,7.133048,2004/10/16 5:00
178.158,113.4024,291.5604,7.133048,2004/10/16 6:00
481.2069,262.8249,744.0318,7.133048,2004/10/16 7:00
92.90595,128.33745,221.2434,7.133048,2004/10/16 8:00
15.5556,60.56325,76.11885,7.133048,2004/10/16 9:00
11.6649,30.48555,42.15045,7.133048,2004/10/16 10:00
171.2199,96.22185,267.44175,3.015,2004/10/19 13:45
229.7958,96.55455,326.35035,3.015,2004/10/19 14:45
0,4.61115,4.61115,1.576738,2004/10/21 1:30
363.83235,224.5026,588.33495,2.08655,2004/10/21 2:30
22.48335,18.39075,40.8741,2.811503,2004/10/21 3:30
418.4916,261.9969,680.4885,3.594176,2004/10/21 4:30
1.0968,17.988,19.0848,4.541017,2004/10/21 5:30
0,0.15,0.15,0.839266,2004/10/24 3:30
0,0.15,0.15,0.952394,2004/10/24 4:30
67.8747,75.45165,143.32635,1.378023,2004/10/24 6:30
171.5172,105.17655,276.69375,1.77878,2004/10/24 7:30
0,4.37535,4.37535,2.298328,2004/10/24 8:30
34.6932,35.30265,69.99585,2.765163,2004/10/24 9:30
0,2.97015,2.97015,3.239258,2004/10/24 16:30
390.92025,232.24695,623.1672,3.171258,2004/10/24 17:30
460.7697,258.621,719.3907,3.471845,2004/10/24 18:30
249.78735,166.8843,416.67165,4.179082,2004/10/24 19:30
4.0716,0.8454,4.917,5.087902,2004/10/24 20:30
0,1.0749,1.0749,4.788505,2004/10/25 6:30
359.95845,192.2529,552.21135,3.383522,2004/10/25 15:30
45.37875,1.5969,46.97565,3.758024,2004/10/25 16:30
0,0.3,0.3,1.071764,2004/10/29 5:00
487.35825,362.05245,849.4107,1.162708,2004/10/29 6:00
290.28255,125.98785,416.2704,1.903785,2004/10/29 7:00
21.3051,22.43985,43.74495,3.405005,2004/10/29 9:00
0,5.88165,5.88165,3.955307,2004/10/29 10:00
0,0.3,0.3,0.580691,2004/11/18 5:15
0,26.9565,26.9565,0.673073,2004/12/16 11:45
265.0617,101.619,366.6807,3.387,2004/12/16 12:45
0,0.6402,0.6402,0.779645,2004/12/17 4:30
10.8963,5.7129,16.6092,0.77668,2004/12/17 5:30
0,6.8556,6.8556,0.830593,2004/12/23 21:45
118.6554,30.5205,149.1759,3.203,2004/12/23 22:45
0,2.7021,2.7021,3.007,2004/12/24 11:45
16.6974,5.7834,22.4808,3.293,2004/12/27 18:45
430.47075,240.05415,670.5249,4.205,2005/1/1 14:15
47.27235,4.30365,51.576,4.205,2005/1/1 15:15
0,2.0466,2.0466,3.941,2005/1/5 11:45
2.2593,15.67485,17.93415,3.370321,2005/1/7 19:45
440.43795,300.46185,740.8998,7.370321,2005/1/7 20:45
515.5323,268.4661,783.9984,10.98,2005/1/7 21:45
33.14685,70.1166,103.26345,10.98,2005/1/7 22:45
129.5871,155.71815,285.30525,10.98,2005/1/7 23:45
24.1032,27.612,51.7152,6.422531,2005/1/8 0:45
1.2006,46.437,47.6376,7.041759,2005/1/8 1:45
49.1103,68.53965,117.64995,7.43236,2005/1/8 2:45
544.53465,313.62315,858.1578,7.776258,2005/1/8 3:45
193.16895,83.01375,276.1827,8.102281,2005/1/8 4:45
0,0.6,0.6,6.259513,2005/1/8 18:45
30.0174,24.3867,54.4041,6.093604,2005/1/8 19:45
60.69435,32.6487,93.34305,8.901525,2005/1/9 0:45
14.00805,0.8964,14.90445,9.229155,2005/1/9 1:45
0,0.93705,0.93705,1.857033,2005/1/12 6:00
132.4017,46.70325,179.10495,1.82968,2005/1/12 7:00
0.7599,14.0991,14.859,2.194858,2005/1/12 8:00
0,2.2164,2.2164,2.762038,2005/1/12 9:00
157.48245,103.1421,260.62455,4.836811,2005/1/12 13:00
63.74145,68.8008,132.54225,4.355539,2005/1/12 14:00
0.47775,7.3677,7.84545,3.355539,2005/1/12 16:00
38.13165,16.7724,54.90405,3.355539,2005/1/12 17:00
49.3746,17.2533,66.6279,3.066,2005/1/18 11:45
0,4.2351,4.2351,3.006,2005/1/18 12:45
0,2.3496,2.3496,2.812399,2005/2/11 22:45
0.3171,6.2802,6.5973,3.882,2005/2/11 23:45
178.7172,129.7173,308.4345,3.259,2005/2/12 0:45
0,3.9138,3.9138,2.059,2005/2/12 2:45
147.2298,124.6368,271.8666,3.259,2005/2/12 3:45
0,0.8493,0.8493,0.669927,2005/3/1 0:15
2.91405,15.51735,18.4314,2.079827,2005/3/1 12:15
403.2099,253.5078,656.7177,3.183,2005/3/1 13:15
151.2225,135.19635,286.41885,2.882431,2005/3/1 14:15
1.01895,6.1803,7.19925,2.916557,2005/3/1 15:15
0,2.2941,2.2941,1.717584,2005/3/2 11:15
13.2795,5.355,18.6345,2.296,2005/3/2 12:15
0,0.6174,0.6174,0.670968,2005/3/14 20:00
0,0.59025,0.59025,0.735751,2005/3/14 22:00
8.574,15.10005,23.67405,2.156,2005/3/14 23:00
0,0.6087,0.6087,3.127,2005/3/15 4:00
74.5419,75.10665,149.64855,2.725901,2005/3/28 8:30
276.6927,201.5745,478.2672,4.806335,2005/3/28 9:30
226.0824,176.9241,403.0065,6.000924,2005/3/28 10:30
312.60615,237.1548,549.76095,7.311216,2005/3/28 11:30
350.19495,236.67975,586.8747,7.541,2005/3/28 12:30
505.41705,289.6671,795.08415,8.541,2005/3/28 13:30
215.84385,170.38215,386.226,8.541,2005/3/28 14:30
7.7745,12.15075,19.92525,7.541,2005/3/28 15:30
127.791,62.0511,189.8421,1.519,2005/4/5 2:45
0,1.2717,1.2717,1.001781,2005/4/5 4:45
0,1.8804,1.8804,2.582,2005/4/16 5:00
109.14,50.5425,159.6825,0.7,2005/4/26 12:00
80.2176,31.6917,111.9093,0.713,2005/4/27 2:00
0,0.3,0.3,0.713,2005/4/27 11:00
361.3857,287.96295,649.34865,0.82,2005/5/1 10:30
334.4118,152.90745,487.31925,0.82,2005/5/1 11:30
166.6818,95.9859,262.6677,0.482,2005/5/19 3:30
1.47315,7.4736,8.94675,0.708,2005/5/23 16:00
125.30025,44.6049,169.90515,0.708,2005/5/23 17:00
0,2.5521,2.5521,0.465,2005/6/1 17:15
34.4631,7.9611,42.4242,1.026,2005/6/4 13:00
0,0.60495,0.60495,1.026,2005/6/4 18:00
0,1.19235,1.19235,1.026,2005/6/4 19:00
19.4229,5.1801,24.603,0.66,2005/6/12 15:30
27.0057,21.6789,48.6846,0.697,2005/6/14 15:30
74.3301,23.1843,97.5144,0.697,2005/6/14 16:30
139.21095,109.9356,249.14655,0.283659,2005/6/30 14:15
251.63235,73.1742,324.80655,0.284063,2005/6/30 15:15
5.1423,7.69485,12.83715,0.291417,2005/6/30 17:15
36.8409,8.56425,45.40515,0.294462,2005/6/30 18:15
22.2531,6.9489,29.202,0.26635,2005/7/4 10:45
9.2847,0,9.2847,0.26598,2005/7/4 11:45
15.8226,26.21835,42.04095,0.256591,2005/7/6 4:15
0,0.72765,0.72765,0.290575,2005/7/6 5:15
0,0.4131,0.4131,0.309,2005/7/6 11:15
53.1468,19.3119,72.4587,0.309,2005/7/6 12:15
11.4309,14.6655,26.0964,0.309,2005/7/6 14:15
23.8851,8.9562,32.8413,0.309,2005/7/6 15:15
40.2378,12.9294,53.1672,0.268,2005/7/27 19:15
13.4568,0,13.4568,0.268,2005/7/27 20:15
3.3942,32.29305,35.68725,0.2716,2005/7/29 9:15
0.8679,40.14075,41.00865,0.3716,2005/7/29 10:15
30.5316,63.6357,94.1673,0.511,2005/7/29 11:15
13.8204,7.1259,20.9463,0.511,2005/7/29 13:15
0,0.3,0.3,0.17032,2005/7/30 7:15
13.4871,3.1572,16.6443,0.324,2005/8/4 14:45
36.1083,6.843,42.9513,0.514,2005/9/26 16:15
0,2.29665,2.29665,0.315518,2005/10/11 3:15
17.0985,12.50055,29.59905,0.332618,2005/10/11 4:15
0,3.48075,3.48075,0.78891,2005/10/11 13:15
15.9966,37.2432,53.2398,0.918795,2005/10/11 14:15
157.78755,143.9334,301.72095,1.110083,2005/10/11 15:15
14.01285,28.02855,42.0414,1.342139,2005/10/11 16:15
0,6.1278,6.1278,1.606713,2005/10/11 17:15
330.7722,286.83,617.6022,1.836616,2005/10/11 18:15
679.8117,527.02125,1206.83295,2.604405,2005/10/11 19:15
679.36095,495.53355,1174.8945,3.229822,2005/10/11 20:15
674.6175,447.1998,1121.8173,4.942908,2005/10/11 21:15
651.711,425.1495,1076.8605,6.551079,2005/10/11 22:15
652.96035,409.48065,1062.441,8.202116,2005/10/11 23:15
559.0704,318.14955,877.21995,4.79,2005/10/12 0:15
96.45,243.3606,339.8106,4.07,2005/10/12 1:15
0,139.6083,139.6083,3.95,2005/10/12 2:15
237.3969,215.61675,453.01365,4.79,2005/10/12 3:15
561.08115,317.6436,878.72475,4.79,2005/10/12 4:15
222.63345,161.43225,384.0657,4.79,2005/10/12 5:15
17.1966,46.91055,64.10715,4.79,2005/10/12 6:15
30.75225,75.7539,106.50615,4.79,2005/10/12 7:15
584.75445,355.7706,940.52505,4.79,2005/10/12 8:15
267.86715,175.44705,443.3142,4.79,2005/10/12 9:15
364.52085,171.7683,536.28915,4.79,2005/10/12 10:15
0,4.7079,4.7079,4.79,2005/10/12 11:15
0,0.3,0.3,0.632,2005/10/21 18:00
0,0.6924,0.6924,0.632,2005/10/21 19:00
79.63095,70.29345,149.9244,0.805,2005/10/22 15:00
250.19775,73.90725,324.105,0.805,2005/10/22 16:00
59.1594,73.71705,132.87645,3.161049,2005/10/24 9:00
464.463,322.9659,787.4289,5.149277,2005/10/24 10:00
462.4737,239.75805,702.23175,5.706322,2005/10/24 11:00
64.8207,76.2921,141.1128,7.029453,2005/10/24 12:00
13.09245,17.6589,30.75135,3.655,2005/10/25 3:00
195.91815,86.0424,281.96055,3.655,2005/10/25 4:00
0,0.7002,0.7002,2.739,2005/10/26 17:00
76.3191,20.5152,96.8343,0.803,2005/10/28 16:45
10.29705,10.16145,20.4585,0.910231,2005/10/30 9:30
48.93345,8.17035,57.1038,1.121,2005/10/30 10:30
10.1454,10.0182,20.1636,1.050699,2005/10/30 11:30
10.8573,6.2583,17.1156,1.37443,2005/11/2 13:15
0,1.02705,1.02705,1.520443,2005/11/2 19:15
25.3122,8.61645,33.92865,1.978905,2005/11/2 20:15
23.304,12.8121,36.1161,3.14,2005/11/2 21:15
0,1.18365,1.18365,0.993791,2005/11/7 19:45
8.4711,4.34235,12.81345,1.118636,2005/11/7 20:45
37.5723,9.5811,47.1534,2.54,2005/11/11 12:15
12.8943,8.0712,20.9655,4.12,2005/11/26 11:00
0,4.0662,4.0662,2.942,2005/12/6 1:45
483.6636,344.7993,828.4629,2.016,2005/12/30 11:30
101.0262,27.8001,128.8263,1.321809,2005/12/30 12:30
89.781,31.5957,121.3767,1.419,2006/1/10 20:45
173.05395,85.1385,258.19245,1.619,2006/1/11 3:45
45.64245,9.1569,54.79935,0.979667,2006/1/11 4:45
35.1969,20.9604,56.1573,1.093513,2006/1/11 11:45
83.2584,22.6803,105.9387,1.142992,2006/1/11 12:45
10.4424,3.7569,14.1993,1.082,2006/1/16 7:15
0,1.4409,1.4409,1.082,2006/1/16 8:15
0,0.3,0.3,1.862,2006/1/18 18:00
0,1.0914,1.0914,1.22395,2006/1/20 9:30
0,2.97285,2.97285,1.521913,2006/1/20 11:30
31.7034,8.41155,40.11495,2.472,2006/1/20 12:30
69.4266,54.85035,124.27695,1.832,2006/2/14 22:00
94.3755,43.42425,137.79975,1.832,2006/2/14 23:00
0,0.34125,0.34125,1.128,2006/2/16 18:00
0,0.88665,0.88665,1.128,2006/2/16 19:00
0,0.4392,0.4392,0.999,2006/2/19 12:45
0,0.435,0.435,0.999,2006/2/19 22:45
0,2.2749,2.2749,0.993,2006/3/12 18:15
0,0.15,0.15,0.716054,2006/3/25 21:15
75.1935,66.8607,142.0542,1.651,2006/3/25 22:15
14.4711,8.4546,22.9257,1.651,2006/3/25 23:15
0,1.4637,1.4637,2.875,2006/3/26 0:15
0,0.15,0.15,1.226086,2006/3/26 19:15
0,0.15,0.15,1.343141,2006/3/26 20:15
0,1.27755,1.27755,1.472756,2006/3/26 21:15
0,9.18735,9.18735,1.606225,2006/3/26 22:15
0,2.5308,2.5308,3.114,2006/3/27 14:15
25.6749,15.1386,40.8135,3.312,2006/3/28 17:15
34.3578,14.9265,49.2843,2.077,2006/4/7 15:30
0,0.33735,0.33735,1.040772,2006/4/7 16:30
0.5136,1.66605,2.17965,1.151176,2006/4/7 17:30
23.1363,19.4073,42.5436,2.226,2006/4/8 12:30
0,0.3414,0.3414,0.433,2006/5/7 7:45
0,1.7133,1.7133,0.433,2006/5/7 8:45
0,0.3,0.3,0.379,2006/5/14 21:45
0,5.6187,5.6187,0.634,2006/5/15 2:45
0,3.82065,3.82065,0.634,2006/5/15 17:45
0,1.44615,1.44615,0.613437,2006/5/15 18:45
289.7187,162.33045,452.04915,0.722,2006/5/16 17:45
8.9751,6.76965,15.74475,0.722,2006/5/16 18:45
0,0.3822,0.3822,1.058,2006/5/17 19:15
1.0419,2.3748,3.4167,1.158,2006/5/17 20:15
29.49585,16.4319,45.92775,2.37,2006/5/20 19:00
16.08765,2.8518,18.93945,1.87,2006/5/20 20:00
0,3.0528,3.0528,0.993399,2006/5/21 20:00
15.015,23.9103,38.9253,2.203723,2006/5/21 21:00
57.64845,58.3164,115.96485,3.433902,2006/5/21 22:00
251.4624,180.8268,432.2892,5.119,2006/5/21 23:00
72.68415,42.2202,114.90435,3.695,2006/5/22 0:00
0.3894,2.4495,2.8389,1.905858,2006/5/22 20:00
4.6533,3.1005,7.7538,1.93,2006/5/24 10:30
4.0539,0,4.0539,1.93,2006/5/24 11:30
267.8772,108.9375,376.8147,1.089,2006/7/2 5:00
27.1146,8.079,35.1936,0.889,2006/7/2 9:00
22.08225,89.8296,111.91185,0.989,2006/7/2 13:00
627.9939,399.03435,1027.02825,1.289,2006/7/2 14:00
16.16085,47.52345,63.6843,1.189,2006/7/2 15:00
90.6789,48.99465,139.67355,0.979,2006/7/3 5:00
58.8519,1.53015,60.38205,0.979,2006/7/3 6:00
65.793,39.75735,105.55035,0.996,2006/7/7 17:45
115.8759,30.53355,146.40945,0.996,2006/7/7 18:45
0,5.9034,5.9034,0.442,2006/7/29 22:30
80.9622,16.0332,96.9954,0.842,2006/7/29 23:30
177.22935,142.85535,320.0847,1.439,2006/8/2 12:30
247.95405,79.53795,327.492,1.439,2006/8/2 13:30
96.7674,56.8692,153.6366,1.060068,2006/8/18 0:15
300.1275,192.5211,492.6486,1.360068,2006/8/18 1:15
94.7322,3.7095,98.4417,1.460068,2006/8/18 2:15
61.7817,16.0161,77.7978,1.560068,2006/8/18 13:15
345.6957,256.0446,601.7403,1.860068,2006/8/18 15:15
664.1259,417.4185,1081.5444,2.227,2006/8/18 16:15
175.971,117.3231,293.2941,2.207,2006/8/18 17:15
97.7907,90.3288,188.1195,1.827,2006/8/18 18:15
241.4121,99.6168,341.0289,1.9,2006/8/18 19:15
55.5489,19.6716,75.2205,0.995,2006/8/20 14:00
13.2165,0,13.2165,0.895,2006/8/20 15:00
10.8753,2.7162,13.5915,0.934,2006/8/28 14:15
48.882,9.294,58.176,1.02,2006/8/30 21:00
0,6.7554,6.7554,1.02,2006/8/30 22:00
0,6.6198,6.6198,0.466572,2006/9/3 2:45
117.5886,34.2333,151.8219,0.620966,2006/9/3 3:45
27.20355,39.4836,66.68715,0.58622,2006/9/3 4:45
161.34855,94.52955,255.8781,1.337,2006/9/3 5:45
19.8927,18.55935,38.45205,1.041267,2006/9/3 6:45
5.31765,12.42585,17.7435,1.096,2006/9/5 10:30
196.54935,93.49215,290.0415,1.396,2006/9/5 11:30
9.4362,5.3799,14.8161,1.110751,2006/9/5 12:30
0,1.1628,1.1628,0.402557,2006/9/14 9:15
384.6246,281.7333,666.3579,2.003,2006/9/14 10:15
493.1919,247.4559,740.6478,2.403,2006/9/14 11:15
215.77125,182.8449,398.61615,2.203,2006/9/14 12:15
93.40605,30.2763,123.68235,2.003,2006/9/14 13:15
268.99275,235.31625,504.309,2.403,2006/9/14 17:15
638.31765,373.67385,1011.9915,2.503,2006/9/14 18:15
17.1627,17.5725,34.7352,2.503,2006/9/14 19:15
134.18235,89.60775,223.7901,1.499,2006/9/18 17:30
154.08315,26.09325,180.1764,1.499,2006/9/18 18:30
0,3.3642,3.3642,0.733291,2006/9/24 8:00
84.65205,79.48815,164.1402,1.137055,2006/9/24 9:00
3.82275,0.29115,4.1139,1.420162,2006/9/24 10:00
0,0.39705,0.39705,1.516022,2006/9/24 11:00
496.1859,334.5738,830.7597,2.536,2006/9/24 12:00
341.78655,230.63115,572.4177,2.436,2006/9/24 13:00
251.43945,125.3979,376.83735,2.336,2006/9/24 14:00
478.0275,303.9777,782.0052,3.074,2006/9/25 16:00
63.825,4.8168,68.6418,2.774,2006/9/25 17:00
30.0822,9.9333,40.0155,2.074,2006/9/25 18:00
107.3838,32.2839,139.6677,1.778,2006/10/11 15:15
0,1.1916,1.1916,1.003,2006/10/19 9:15
20.7552,3.5481,24.3033,1.603,2006/10/19 10:15
0,0.2004,0.2004,0.774,2006/10/20 12:15
398.7054,214.2336,612.939,1.774,2006/10/20 13:15
7.3737,6.0072,13.3809,1.056465,2006/10/20 17:15
95.60205,49.4475,145.04955,2.187,2006/10/23 6:45
88.33575,36.4536,124.78935,2.187,2006/10/23 7:45
0,5.48175,5.48175,0.715058,2006/10/25 19:15
194.4432,161.04735,355.49055,1.907665,2006/10/25 20:15
345.5565,256.5207,602.0772,2.843659,2006/10/25 21:15
549.0957,312.6441,861.7398,5.8,2006/10/25 22:15
168.9804,92.5752,261.5556,4.121242,2006/10/25 23:15
127.36695,102.8712,230.23815,5.093,2006/10/26 6:15
302.51565,112.3743,414.88995,5.393,2006/10/26 7:15
33.6462,61.6713,95.3175,2.378,2006/10/30 19:15
504.0336,272.3259,776.3595,3.378,2006/10/30 20:15
0,6.2991,6.2991,1.378,2006/10/30 21:15
30.8445,6.5889,37.4334,5.178,2006/11/11 7:30
0,0.6,0.6,3.764,2006/11/14 16:00
0,5.81625,5.81625,1.984634,2006/11/15 14:00
12.4833,52.2177,64.701,2.305818,2006/11/15 15:00
77.4339,94.2132,171.6471,3.046487,2006/11/15 16:00
191.87205,187.242,379.11405,4.436924,2006/11/15 17:00
400.08945,243.5049,643.59435,5.566479,2006/11/15 18:00
454.22895,299.7948,754.02375,6.802432,2006/11/15 19:00
589.6557,334.3398,923.9955,9.221753,2006/11/15 20:00
509.37975,277.2537,786.63345,9.221753,2006/11/15 21:00
0,10.70355,10.70355,8.221753,2006/11/15 22:00
0,3.8961,3.8961,2.487359,2006/11/19 20:30
0,0.3108,0.3108,2.087359,2006/11/19 21:30
66.41445,87.31095,153.7254,7.065,2006/11/19 22:30
53.69415,57.13335,110.8275,6.665,2006/11/19 23:30
0,3.72465,3.72465,5.472129,2006/11/20 4:30
59.4042,17.60445,77.00865,5.474329,2006/11/20 5:30
13.1481,38.8839,52.032,4.912408,2006/11/20 15:30
409.671,200.0673,609.7383,6.589,2006/11/20 16:30
0,0.4323,0.4323,5.931,2006/11/24 22:45
58.7139,12.9375,71.6514,2.907,2006/12/1 3:15
266.5869,182.5584,449.1453,4.407,2006/12/1 17:45
135.4272,19.5567,154.9839,3.607,2006/12/1 18:45
0,0.3,0.3,4.316,2006/12/2 10:00
37.491,8.9379,46.4289,1.472232,2006/12/3 6:00
26.3631,10.1865,36.5496,1.697358,2006/12/3 11:00
4.7793,0.15,4.9293,1.735403,2006/12/3 12:00
76.5891,41.7267,118.3158,2.048218,2006/12/3 15:00
0,1.0548,1.0548,1.128063,2006/12/3 16:00
11.4309,33.31875,44.74965,2.237724,2006/12/3 17:00
179.1723,95.70195,274.87425,5.504,2006/12/3 18:00
34.029,5.7453,39.7743,5.504,2006/12/6 22:00
422.11185,230.8617,652.97355,6.636,2006/12/7 2:00
5.88165,0,5.88165,6.636,2006/12/7 3:00
54.1488,16.1961,70.3449,9.099,2006/12/11 6:45
0,1.6599,1.6599,5.571463,2006/12/11 10:45
10.2912,9.3705,19.6617,6.071463,2006/12/11 11:45
29.5239,6.9762,36.5001,6.099,2006/12/11 20:45
57.16215,31.80435,88.9665,7.133,2006/12/12 7:30
90.24165,79.10475,169.3464,8.033,2006/12/12 8:30
1.8789,3.5355,5.4144,6.133,2006/12/12 11:30
0.23085,15.44655,15.6774,6.433,2006/12/12 16:30
133.88025,61.47495,195.3552,8.133,2006/12/12 17:30
0,12.7968,12.7968,11.27,2006/12/13 9:00
0,2.1048,2.1048,10.27,2006/12/13 10:00
0,3.3561,3.3561,10.27,2006/12/13 11:00
0,14.1336,14.1336,11.27,2006/12/13 12:00
0,0.40785,0.40785,11.27,2006/12/13 13:00
0,1.69425,1.69425,11.27,2006/12/13 14:00
140.31945,125.4618,265.78125,8.669,2006/12/14 4:00
217.71465,72.8151,290.52975,8.869,2006/12/14 5:00
0,2.5167,2.5167,5.869,2006/12/14 13:00
0,0.9669,0.9669,4.869,2006/12/14 14:00
43.8261,51.8913,95.7174,6.869,2006/12/14 16:00
3.2184,4.755,7.9734,5.869,2006/12/14 17:00
11.3934,3.534,14.9274,2.126,2006/12/29 19:30
54.738,14.3112,69.0492,3.521,2006/12/31 14:45
93.08565,79.9344,173.02005,4.521,2006/12/31 18:45
55.03425,27.58335,82.6176,4.321,2006/12/31 19:45
9.2988,14.79675,24.09555,4.121,2006/12/31 20:45
0,0.4299,0.4299,4.665,2007/1/1 12:45
0,1.443,1.443,4.962,2007/1/2 5:30
0,2.2419,2.2419,4.559,2007/1/3 17:00
58.23195,73.8951,132.12705,2.066392,2007/1/7 17:45
154.75155,114.8283,269.57985,4.488338,2007/1/7 18:45
0,1.4226,1.4226,4.088338,2007/1/7 19:45
100.7499,87.74985,188.49975,6.598338,2007/1/7 20:45
73.2996,43.41975,116.71935,5.488338,2007/1/7 21:45
59.6805,18.3894,78.0699,4.016,2007/1/9 11:00
6.315,15.5331,21.8481,4.645,2007/1/10 23:15
291.0267,199.7739,490.8006,5.169361,2007/1/11 0:15
377.8398,285.73035,663.57015,8.422,2007/1/11 1:15
163.308,43.77465,207.08265,4.169361,2007/1/11 2:15
53.4453,26.6676,80.1129,3.422,2007/1/11 8:15
21.6534,9.33,30.9834,2.322,2007/1/11 10:15
3.27765,12.55545,15.8331,4.247,2007/1/12 8:15
59.73255,68.19375,127.9263,8.247,2007/1/12 9:15
0,0.15,0.15,5.971978,2007/1/13 14:00
227.52765,170.61105,398.1387,7.393,2007/1/13 15:00
176.16945,123.32805,299.4975,6.893,2007/1/13 16:00
19.9059,5.898,25.8039,4.536,2007/1/14 8:00
0,1.071,1.071,5.763,2007/1/18 10:00
0,1.0296,1.0296,3.53534,2007/1/19 20:00
112.842,125.19105,238.03305,5.53534,2007/1/19 22:00
595.6974,341.7063,937.4037,7.662,2007/1/19 23:00
0,0.67695,0.67695,3.505907,2007/1/20 0:00
146.26275,103.57095,249.8337,6.439,2007/1/20 7:00
103.3653,23.02575,126.39105,5.439,2007/1/20 8:00
1.36095,0,1.36095,4.439,2007/1/20 9:00
32.85555,17.57685,50.4324,5.439,2007/1/20 15:00
1.40235,0.33135,1.7337,4.439,2007/1/20 16:00
87.1032,31.4184,118.5216,6.439,2007/1/20 21:00
0,0.2154,0.2154,1.251,2007/1/21 13:00
5.6073,4.5396,10.1469,4.251,2007/1/21 14:00
0,0.3,0.3,1.182,2007/2/25 16:30
4.191,1.3164,5.5074,1.815,2007/2/27 4:00
86.14335,80.4984,166.64175,3.815,2007/2/27 6:00
340.08975,161.81535,501.9051,6.815,2007/2/27 7:00
59.6628,72.66705,132.32985,4.815,2007/2/27 8:00
17.0562,13.10415,30.16035,3.315,2007/2/27 17:00
13.4814,5.25195,18.73335,3.015,2007/2/27 18:00
0,1.3932,1.3932,1.532,2007/3/6 7:30
0,22.8498,22.8498,3.768,2007/3/11 17:45
20.4828,24.7098,45.1926,3.953,2007/3/12 0:45
6.7023,8.4642,15.1665,3.553,2007/3/12 1:45
0,1.5405,1.5405,0.854,2007/3/29 0:45
0,20.0889,20.0889,1.654,2007/3/29 1:45
0,2.3187,2.3187,1.054,2007/3/29 2:45
125.625,76.38735,202.01235,0.397,2007/4/25 9:45
38.2494,1.01625,39.26565,0.397,2007/4/25 10:45
0,1.9944,1.9944,0.413,2007/5/7 14:45
232.1619,165.9609,398.1228,0.5,2007/5/9 22:00
569.10795,310.11105,879.219,0.5,2007/5/9 23:00
163.50855,71.22825,234.7368,0.507,2007/5/10 0:00
46.0638,27.2625,73.3263,0.494,2007/5/18 17:00
32.13405,32.1927,64.32675,0.381,2007/5/31 15:15
10.80105,0,10.80105,0.281,2007/5/31 16:15
145.6989,81.48705,227.18595,0.481,2007/5/31 17:15
20.7693,16.09755,36.86685,0.471,2007/5/31 18:15
0,7.9866,7.9866,0.195,2007/6/12 19:30
222.1008,103.99095,326.09175,0.395,2007/6/12 20:30
91.1751,4.93575,96.11085,0.305,2007/6/12 21:30
1.5711,21.0618,22.6329,0.137,2007/6/13 0:30
45.4842,77.8686,123.3528,0.437,2007/6/13 1:30
8.2572,28.51755,36.77475,0.407,2007/6/13 2:30
399.2406,193.53945,592.78005,0.523,2007/6/13 3:30
225.5295,151.17165,376.70115,0.513,2007/6/13 4:30
78.2421,114.70455,192.94665,0.493,2007/6/13 5:30
0,1.1661,1.1661,0.363,2007/6/13 6:30
0,0.3,0.3,0.213,2007/6/13 7:30
16.57665,20.0934,36.67005,0.409,2007/6/15 20:15
4.35405,7.9035,12.25755,0.309,2007/6/15 21:15
65.4036,55.74,121.1436,1.586,2007/6/20 3:45
445.071,254.652,699.723,1.886,2007/6/20 4:45
674.66415,478.4352,1153.09935,2.086,2007/6/20 5:45
657.96165,409.58595,1067.5476,2.086,2007/6/20 6:45
339.9774,190.36335,530.34075,1.986,2007/6/20 7:45
0,6.24795,6.24795,1.056,2007/6/23 9:30
394.5573,202.20195,596.75925,3.056,2007/6/23 10:30
1.5648,5.9586,7.5234,1.856,2007/6/23 11:30
247.11945,149.93595,397.0554,3.056,2007/6/23 18:30
260.67315,175.2543,435.92745,3.056,2007/6/23 19:30
142.0338,102.24555,244.27935,3.056,2007/6/23 20:30
0.3279,7.1076,7.4355,1.241,2007/6/24 10:30
88.9653,36.7446,125.7099,6.241,2007/6/24 21:30
6.35655,52.8498,59.20635,5.941,2007/6/24 22:30
2.08695,7.72245,9.8094,4.741,2007/6/24 23:30
1.5111,5.69625,7.20735,4.509,2007/6/25 0:30
42.8139,16.107,58.9209,1.768,2007/6/27 0:30
0,3.2244,3.2244,1.068,2007/6/27 1:30
0,1.84005,1.84005,0.968,2007/6/27 10:30
5.2149,1.78935,7.00425,1.068,2007/6/27 11:30
21.0882,12.7242,33.8124,4.768,2007/7/1 15:45
18.7428,5.358,24.1008,3.559,2007/7/2 12:45
4.5522,3.2622,7.8144,2.059,2007/7/2 18:45
10.9998,18.77325,29.77305,2.316,2007/7/6 6:15
2.1051,3.56715,5.67225,1.316,2007/7/6 7:15
198.6642,92.70045,291.36465,4.316,2007/7/6 14:15
9.9489,0.25155,10.20045,3.316,2007/7/6 15:15
13.3596,3.948,17.3076,1.859,2007/7/7 13:15
266.3697,160.5741,426.9438,0.616,2007/7/13 22:15
175.2294,125.17665,300.40605,0.516,2007/7/13 23:15
0,1.44615,1.44615,0.85,2007/7/14 0:15
255.8466,197.11515,452.96175,2.898,2007/7/16 2:45
460.3242,225.09825,685.42245,3.098,2007/7/16 3:45
0,0.7035,0.7035,1.098,2007/7/16 7:45
23.3244,9.4254,32.7498,1.598,2007/7/16 8:45
0,3.5649,3.5649,1.302,2007/7/21 23:30
172.8378,125.0223,297.8601,2.736,2007/7/22 0:30
0,3.1014,3.1014,1.736,2007/7/22 1:30
246.0981,137.0241,383.1222,2.208,2007/7/26 14:00
178.7388,95.541,274.2798,2.208,2007/7/26 15:00
19.1757,24.552,43.7277,1.208,2007/7/26 16:00
49.3923,12.2991,61.6914,0.655,2007/8/5 19:45
4.5819,7.0704,11.6523,0.441,2007/8/14 17:30
369.37605,200.47605,569.8521,0.641,2007/8/14 18:30
1.73895,0.90975,2.6487,0.341,2007/8/14 19:30
33.6528,29.3136,62.9664,3.599,2007/8/18 20:15
0,10.19535,10.19535,1.599,2007/8/18 22:15
355.43295,217.73805,573.171,6.599,2007/8/18 23:15
496.5954,304.6218,801.2172,5.067,2007/8/19 0:15
469.96425,321.7212,791.68545,5.067,2007/8/19 1:15
305.3034,185.06055,490.36395,4.867,2007/8/19 2:15
387.32265,280.0992,667.42185,4.967,2007/8/19 3:15
280.93695,191.3469,472.28385,4.767,2007/8/19 4:15
18.5709,49.24665,67.81755,3.067,2007/8/19 5:15
0,1.4748,1.4748,2.067,2007/8/19 6:15
304.6824,231.2547,535.9371,1.458,2007/9/16 10:45
492.4152,266.949,759.3642,1.658,2007/9/16 11:45
369.8961,188.66655,558.56265,1.558,2007/9/16 12:45
0,0.22365,0.22365,0.658,2007/9/16 13:45
0,0.3,0.3,0.291558,2007/9/24 1:45
25.4964,47.7513,73.2477,0.799,2007/9/24 2:45
40.7877,30.02745,70.81515,0.799,2007/9/24 3:45
0.741,16.90665,17.64765,0.799,2007/9/24 4:45
0,7.4058,7.4058,0.8,2007/10/3 21:00
134.23005,63.56865,197.7987,1.402,2007/10/9 4:00
4.47705,2.47515,6.9522,1.002,2007/10/9 5:00
1.3416,12.28665,13.62825,1.102,2007/10/9 7:00
85.9791,37.51875,123.49785,1.402,2007/10/9 8:00
170.25615,177.0972,347.35335,1.822,2007/10/28 3:00
314.18325,154.266,468.44925,1.822,2007/10/28 4:00
16.7094,4.9083,21.6177,1.022,2007/10/28 16:30
3.3888,0,3.3888,0.822,2007/10/28 17:30
0,1.2414,1.2414,0.622,2007/10/28 22:30
0,0.15,0.15,1.373,2007/11/18 0:15
0,0.45,0.45,1.373,2007/11/18 1:15
0,16.25115,16.25115,2.94,2007/11/21 1:15
11.757,40.34055,52.09755,4.94,2007/11/21 2:15
0,5.2809,5.2809,2.94,2007/11/21 5:15
0,4.827,4.827,2.94,2007/11/21 6:15
0,0.5424,0.5424,2.24,2007/11/21 7:15
55.0098,56.388,111.3978,6.94,2007/11/21 8:15
0,0.4575,0.4575,5.94,2007/11/21 9:15
143.11095,136.87245,279.9834,9.94,2007/11/21 10:15
160.85385,119.50305,280.3569,9.94,2007/11/21 11:15
75.10005,88.2492,163.34925,9.54,2007/11/21 13:15
155.25615,165.23385,320.49,10.14,2007/11/21 14:15
354.53085,235.4091,589.93995,10.94,2007/11/21 15:15
101.98935,136.56225,238.5516,10.54,2007/11/21 16:15
126.5961,146.2971,272.8932,10.04,2007/11/21 17:15
22.7343,41.6235,64.3578,9.04,2007/11/21 18:15
0,2.8446,2.8446,3.398,2007/11/30 12:30
0,0.51465,0.51465,3.322,2007/12/1 23:45
30.3189,9.20505,39.52395,2.96,2007/12/2 0:45
117.8571,79.06215,196.91925,3.391,2007/12/8 17:30
175.9632,138.7278,314.691,4.391,2007/12/8 18:30
0,2.81025,2.81025,3.391,2007/12/8 19:30
0,26.1399,26.1399,2.391,2007/12/8 20:30
0,1.575,1.575,1.391,2007/12/8 21:30
81.2403,72.0084,153.2487,1.575,2007/12/27 5:15
208.9566,57.3111,266.2677,1.975,2007/12/27 6:15
0,0.15,0.15,1.005,2007/12/28 4:00
12.3609,36.582,48.9429,1.475,2007/12/28 5:00
323.997,248.976,572.973,4.475,2007/12/28 14:00
309.1443,122.7912,431.9355,4.475,2007/12/28 15:00
51.4218,16.0218,67.4436,2.575,2007/12/28 19:00
22.52475,27.90615,50.4309,2.475,2008/1/1 13:00
57.76875,42.57015,100.3389,3.978,2008/1/1 14:00
0,0.77415,0.77415,1.594467,2008/1/4 18:00
311.6763,175.87305,487.54935,2.547,2008/1/4 19:00
3.2208,11.9874,15.2082,2.075,2008/1/4 20:00
0,2.25,2.25,1.88,2008/1/4 23:00
0,0.3,0.3,2.9,2008/1/7 18:15
60.41955,50.76345,111.183,4.363055,2008/1/8 17:15
557.98545,315.6522,873.63765,11.62,2008/1/8 18:15
198.1206,149.7081,347.8287,10.62,2008/1/8 19:15
355.9659,178.00995,533.97585,10.92,2008/1/8 20:15
13.0908,8.8158,21.9066,7.81,2008/1/9 0:15
17.8635,29.37645,47.23995,8.096412,2008/1/9 2:15
119.5662,128.80665,248.37285,10.110661,2008/1/9 3:15
282.26265,191.04075,473.3034,10.21661,2008/1/9 4:15
327.7833,241.8534,569.6367,10.3201,2008/1/9 5:15
309.98355,148.377,458.36055,10.1661,2008/1/9 6:15
0,0.20805,0.20805,8.110661,2008/1/9 7:15
0,0.8952,0.8952,5.853683,2008/1/10 7:15
0,9.5259,9.5259,6.441917,2008/1/10 8:15
303.81285,222.8412,526.65405,6.541917,2008/1/10 9:15
584.4288,306.06945,890.49825,6.921917,2008/1/10 10:15
567.9693,287.5338,855.5031,6.93,2008/1/10 11:15
199.43865,142.61505,342.0537,6.441917,2008/1/10 12:15
3.25185,12.6531,15.90495,4.441917,2008/1/10 13:15
12.36315,14.6103,26.97345,4.641917,2008/1/10 14:15
91.3131,79.7043,171.0174,5.041917,2008/1/14 13:30
144.7197,51.9183,196.638,5.141917,2008/1/14 14:30
0,0.3,0.3,1.145892,2008/1/21 12:45
0,6.4308,6.4308,4.474,2008/1/21 13:45
0,15.981,15.981,1.874699,2008/1/23 18:00
310.2312,121.5516,431.7828,5.071,2008/1/23 19:00
7.1466,3.1638,10.3104,6.376,2008/1/24 1:00
1.1229,0,1.1229,4.376,2008/1/24 2:00
264.8592,175.8657,440.7249,6.108,2008/1/26 4:00
102.1815,12.552,114.7335,6.031935,2008/1/26 5:00
238.1289,135.9066,374.0355,6.1,2008/1/29 7:45
316.6647,227.8758,544.5405,6.148,2008/1/29 8:45
471.5391,273.97905,745.51815,6.148,2008/1/29 9:45
190.64385,147.7311,338.37495,6.148,2008/1/29 10:45
1.03995,2.29815,3.3381,5.148,2008/1/29 11:45
0,1.9875,1.9875,3.148,2008/1/29 13:45
74.2347,67.0584,141.2931,2.88073,2008/1/31 0:45
159.50475,142.25655,301.7613,3.133498,2008/1/31 1:45
568.45845,339.98865,908.4471,6.482,2008/1/31 2:45
269.37405,196.5885,465.96255,5.466847,2008/1/31 3:45
180.89025,63.6987,244.58895,4.848575,2008/1/31 4:45
0,0.6,0.6,2.688,2008/2/5 11:30
0,0.55455,0.55455,0.85,2008/2/22 11:30
0,0.98895,0.98895,0.95,2008/2/22 12:30
0,1.2483,1.2483,2.571,2008/2/25 15:15
0,2.0607,2.0607,1.382517,2008/2/29 14:00
17.8533,7.7148,25.5681,6.504,2008/2/29 15:00
158.3694,64.2369,222.6063,5.335,2008/3/8 10:45
0,1.3416,1.3416,3.1,2008/4/1 14:45
0,0.3,0.3,1.004,2008/4/6 10:00
5.8686,2.8401,8.7087,0.704,2008/4/30 8:15
5.86425,8.42415,14.2884,0.744,2008/4/30 22:00
70.77075,20.30355,91.0743,1.044,2008/4/30 23:00
19.7901,3.9744,23.7645,0.819,2008/5/10 14:30
0,1.54305,1.54305,0.716,2008/5/10 15:30
2.6439,3.64575,6.28965,0.651,2008/5/10 16:30
1.3788,4.7799,6.1587,0.209481,2008/6/1 14:30
78.57675,67.9131,146.48985,0.443,2008/6/1 15:30
8.37855,21.8769,30.25545,0.402248,2008/6/1 16:30
0,0.6,0.6,0.280783,2008/6/1 18:30
39.36585,60.19845,99.5643,0.215258,2008/6/11 18:45
645.0405,435.73545,1080.77595,0.68,2008/6/11 19:45
25.05345,46.116,71.16945,0.65,2008/6/11 20:45
0,0.68775,0.68775,0.263339,2008/6/11 23:45
0,1.08645,1.08645,0.582,2008/6/12 0:45
17.9667,16.27455,34.24125,0.314071,2008/6/21 19:15
1.3779,13.93905,15.31695,0.342449,2008/6/21 20:15
0,0.3138,0.3138,0.284222,2008/6/21 21:15
6.2775,17.7603,24.0378,0.320352,2008/6/21 22:15
490.78665,275.7816,766.56825,0.755,2008/6/21 23:15
55.56765,2.7966,58.36425,0.48966,2008/6/22 0:15
0,2.0205,2.0205,0.641462,2008/6/22 4:15
54.0003,21.1683,75.1686,0.935,2008/6/22 17:15
21.2184,1.8825,23.1009,0.666801,2008/6/22 18:15
0,0.3,0.3,0.466801,2008/6/22 23:15
0,3.375,3.375,0.836,2008/6/24 22:15
0,5.9601,5.9601,0.266415,2008/7/1 19:45
77.7846,11.1468,88.9314,0.408,2008/7/1 20:45
0,0.7272,0.7272,0.437,2008/7/3 20:45
97.83675,81.3468,179.18355,0.606,2008/7/5 15:30
8.67225,13.1145,21.78675,0.506,2008/7/5 16:30
0,0.8598,0.8598,0.536,2008/7/6 18:30
20.7318,3.2745,24.0063,0.636,2008/7/6 19:30
248.27235,160.6065,408.87885,1.374272,2008/7/10 3:15
177.4989,174.33045,351.82935,2.235015,2008/7/10 4:15
583.04205,384.8334,967.87545,2.690789,2008/7/10 5:15
637.65735,377.87115,1015.5285,3.947,2008/7/10 6:15
272.11425,133.60665,405.7209,3.747,2008/7/10 7:15
4.0182,19.83645,23.85465,3.347,2008/7/10 8:15
14.77665,4.065,18.84165,0.413242,2008/7/17 15:00
55.10685,20.8878,75.99465,0.554,2008/7/17 16:00
0,2.28045,2.28045,0.47383,2008/7/19 9:00
394.98,196.62645,591.60645,0.527,2008/7/19 10:00
0.15,1.7355,1.8855,0.282696,2008/7/29 4:45
0.15,0,0.15,0.2827,2008/7/29 5:45
344.30235,286.18275,630.4851,0.543,2008/7/29 16:45
149.71935,68.31555,218.0349,0.401,2008/7/29 17:45
134.7603,54.9258,189.6861,0.389,2008/7/29 20:45
56.8176,50.24595,107.06355,0.320741,2008/8/1 4:00
18.924,8.11245,27.03645,0.409528,2008/8/1 5:00
116.0268,80.76915,196.79595,1.048,2008/8/1 6:00
85.5774,27.01425,112.59165,0.98,2008/8/1 7:00
37.9275,20.9682,58.8957,0.551761,2008/8/1 8:00
486.5781,335.8299,822.408,0.965,2008/8/3 7:00
188.7711,66.5322,255.3033,0.3,2008/8/3 8:00
4.1397,3.0489,7.1886,0.3,2008/8/3 18:00
6.1899,15.816,22.0059,0.460529,2008/8/6 5:30
454.1391,252.65025,706.78935,0.67,2008/8/6 6:30
438.1284,225.5304,663.6588,0.67,2008/8/6 7:30
12.75675,29.72955,42.4863,0.47,2008/8/6 8:30
124.79115,109.5531,234.34425,0.67,2008/8/6 9:30
0,0.3987,0.3987,0.47,2008/8/6 10:30
0,0.80925,0.80925,0.47,2008/8/6 12:30
0,1.19145,1.19145,0.57,2008/8/6 13:30
0,6.3369,6.3369,0.57,2008/8/6 15:30
1.0782,8.1492,9.2274,0.67,2008/8/6 16:30
38.82165,45.12135,83.943,1.77,2008/8/6 17:30
616.4124,402.32925,1018.74165,2.533101,2008/8/6 18:30
666.6003,422.01405,1088.61435,2.533101,2008/8/6 19:30
553.5075,390.6894,944.1969,2.967511,2008/8/6 20:30
612.71325,373.80375,986.517,2.967511,2008/8/6 21:30
619.6671,413.9886,1033.6557,3.913497,2008/8/6 22:30
665.03385,459.91245,1124.9463,4.924949,2008/8/6 23:30
677.8764,485.0577,1162.9341,6.397321,2008/8/7 0:30
624.72465,366.357,991.08165,8.948829,2008/8/7 1:30
93.4083,200.76675,294.17505,10.755051,2008/8/7 2:30
258.7473,182.2608,441.0081,11.637443,2008/8/7 3:30
580.3947,344.24805,924.64275,12.030207,2008/8/7 4:30
621.6087,370.3074,991.9161,12.230612,2008/8/7 5:30
182.23485,153.1203,335.35515,12.377905,2008/8/7 6:30
15.96105,58.4265,74.38755,12.35189,2008/8/7 7:30
2.8755,29.84565,32.72115,12.26102,2008/8/7 8:30
0,0.7221,0.7221,10.935082,2008/8/7 12:30
0,1.2792,1.2792,10.291065,2008/8/7 14:30
0,3.291,3.291,2.464891,2008/8/9 10:15
29.6676,23.5287,53.1963,2.695248,2008/8/9 11:15
199.3722,77.4018,276.774,3.032142,2008/8/9 18:15
24.6195,14.1744,38.7939,4.204233,2008/8/9 23:15
0,13.66485,13.66485,5.10716,2008/8/10 0:15
272.4573,111.95745,384.41475,6.066504,2008/8/10 1:15
99.1686,52.752,151.9206,7.52864,2008/8/10 3:15
112.07445,107.80515,219.8796,2.997214,2008/8/13 3:30
325.38465,135.86115,461.2458,3.189846,2008/8/13 4:30
97.0017,75.0225,172.0242,4.591076,2008/8/13 6:30
275.74725,200.8191,476.56635,4.643442,2008/8/13 20:00
214.33695,71.2116,285.54855,5.034746,2008/8/13 21:00
158.5101,71.39955,229.90965,3.076869,2008/8/14 16:15
4.0293,0.57675,4.60605,2.957949,2008/8/14 17:15
502.75125,349.57095,852.3222,9.054465,2008/8/19 6:30
639.13245,376.64565,1015.7781,11.34,2008/8/19 7:30
57.2877,6.1068,63.3945,9.34,2008/8/19 8:30
23.7126,17.3799,41.0925,2.739,2008/8/20 4:30
15.1992,10.14375,25.34295,5.739,2008/8/20 5:30
236.1156,145.22325,381.33885,8.739,2008/8/20 6:30
378.95355,216.3306,595.28415,2.177813,2008/8/21 20:45
391.3008,260.09475,651.39555,3.708418,2008/8/21 21:45
523.3743,372.95235,896.32665,5.967352,2008/8/21 22:45
570.71055,309.792,880.50255,5.867352,2008/8/21 23:45
0,0.4005,0.4005,3.002,2008/8/22 0:45
0,0.15795,0.15795,0.534,2008/9/1 9:15
0,0.15795,0.15795,0.534,2008/9/1 10:15
12.4275,5.0925,17.52,3.647,2008/9/5 14:30
0,0.5625,0.5625,1.781,2008/9/6 0:30
0,2.0049,2.0049,3.781,2008/9/6 1:30
0,1.63725,1.63725,1.100556,2008/9/16 1:15
46.3371,64.7028,111.0399,6.147,2008/9/16 2:15
0,2.10765,2.10765,5.007781,2008/9/16 3:15
0,0.15,0.15,2.905871,2008/9/16 7:15
0,0.15,0.15,1.905871,2008/9/16 8:15
396.0936,231.579,627.6726,6.838,2008/10/10 16:45
189.6564,59.9244,249.5808,5.838,2008/10/10 17:45
138.7401,42.4332,181.1733,3.963,2008/10/20 4:30
0,1.3272,1.3272,2.403,2008/10/22 0:45
0,0.15,0.15,0.963602,2008/10/22 1:45
0,0.324,0.324,2.65,2008/10/23 23:45
3.369,3.0279,6.3969,1.77444,2008/10/24 4:45
3.369,0,3.369,1.799487,2008/10/24 5:45
10.3827,2.7813,13.164,2.8994,2008/10/24 11:45
4.6563,24.1527,28.809,3.892,2008/10/25 11:00
2.6763,4.398,7.0743,3.028995,2008/10/25 12:00
0,3.8733,3.8733,2.813611,2008/10/25 13:00
0,0.3,0.3,2.638652,2008/10/25 14:00
0,1.0887,1.0887,12.77,2008/10/25 17:00
449.6163,281.12655,730.74285,11.77,2008/10/25 18:00
31.3206,39.31605,70.63665,10.77,2008/10/25 19:00
171.38145,155.8533,327.23475,11.77,2008/10/25 20:00
1.43115,22.3785,23.80965,11.77,2008/10/25 21:00
0,0.8886,0.8886,10.77,2008/10/25 22:00
81.52365,33.8892,115.41285,6.214552,2008/10/26 10:00
16.90635,1.4388,18.34515,5.693451,2008/10/26 11:00
0,5.59095,5.59095,0.566723,2008/11/24 6:00
63.4326,15.55155,78.98415,2.592,2008/11/24 7:00
142.4682,42.5619,185.0301,2.766,2008/12/4 2:30
0,0.4845,0.4845,3.4,2008/12/5 15:30
0,0.3,0.3,3.311,2008/12/18 9:00
0,1.30095,1.30095,3.085948,2008/12/19 11:00
266.7516,200.37555,467.12715,7.844,2008/12/19 12:00
600.32235,333.42795,933.7503,9.844,2008/12/19 13:00
20.64705,34.94595,55.593,5.844,2008/12/19 14:00
0,0.15,0.15,1.077584,2009/1/11 13:00
14.4402,30.7944,45.2346,3.732,2009/1/11 14:00
0,2.0487,2.0487,1.551437,2009/1/12 0:00
0,0.7962,0.7962,1.468697,2009/1/12 1:00
0,6.93,6.93,0.769653,2009/1/17 4:15
227.7576,92.6535,320.4111,2.937,2009/1/17 5:15
2.2155,1.8348,4.0503,1.188,2009/1/18 13:45
0,0.3,0.3,1.42,2009/1/20 2:45
108.01875,86.5701,194.58885,1.646,2009/2/2 23:00
177.42675,36.0525,213.47925,1.652077,2009/2/3 0:00
0,0.591,0.591,0.422188,2009/3/7 18:45
189.22845,152.5731,341.80155,2.989,2009/3/7 19:45
75.65205,11.7174,87.36945,3.189,2009/3/7 20:45
63.72795,46.1757,109.90365,3.522047,2009/3/8 9:45
9.43185,12.0534,21.48525,3.422047,2009/3/8 10:45
68.004,19.89585,87.89985,3.522047,2009/5/8 3:15
14.5503,5.02695,19.57725,2.522047,2009/5/8 4:15
17.3313,10.473,27.8043,2.822047,2009/5/8 7:15
0,0.5499,0.5499,1.90047,2009/5/8 9:15
0,2.0256,2.0256,1.022047,2009/5/8 10:15
85.6695,64.06425,149.73375,0.429,2009/5/20 19:30
89.4759,19.31085,108.78675,0.409,2009/5/20 20:30
2.2815,1.8024,4.0839,0.259,2009/6/13 11:30
174.77505,122.51445,297.2895,0.882739,2009/6/14 15:00
570.01965,278.6508,848.67045,2.223,2009/6/14 16:00
457.1583,342.8052,799.9635,1.923,2009/6/14 17:00
199.6749,62.89215,262.56705,1.523,2009/6/14 18:00
103.2333,22.2084,125.4417,1.323,2009/6/15 13:00
9.2478,5.8545,15.1023,1.023,2009/6/15 17:00
294.8145,164.3871,459.2016,1.514,2009/7/1 14:00
0,0.9855,0.9855,0.744,2009/7/3 15:45
41.3082,19.58355,60.89175,1.023,2009/7/7 3:15
350.4612,170.06595,520.52715,2.423,2009/7/7 4:15
146.1195,119.5953,265.7148,1.723,2009/7/7 5:15
162.4896,39.1224,201.612,1.423,2009/7/7 6:15
77.56245,64.2345,141.79695,0.591,2009/7/12 1:00
381.60045,175.05105,556.6515,1.391,2009/7/12 2:00
5.3256,0.51615,5.84175,0.391,2009/7/12 3:00
0,4.3203,4.3203,0.396,2009/7/13 11:15
107.9895,23.5278,131.5173,1.396,2009/7/13 12:15
0,2.4324,2.4324,0.396,2009/7/15 13:30
412.9371,195.8022,608.7393,0.50858,2009/7/15 14:30
0,12.26205,12.26205,0.494762,2009/7/15 16:30
559.9398,361.27815,921.21795,0.560807,2009/7/15 17:30
276.0606,116.8155,392.8761,0.547586,2009/7/15 18:30
0,4.25775,4.25775,0.402963,2009/7/16 18:00
97.494,21.30585,118.79985,1.202,2009/7/16 19:00
119.3244,86.76075,206.08515,2.72,2009/7/17 4:00
523.3032,260.50785,783.81105,3.72,2009/7/17 5:00
0,1.269,1.269,1.01,2009/7/17 18:00
116.6532,109.3239,225.9771,2.92,2009/7/17 19:00
4.9401,17.0232,21.9633,2.72,2009/7/17 20:00
0,5.45535,5.45535,2.72,2009/7/17 22:00
0,2.10525,2.10525,2.72,2009/7/17 23:00
160.55445,109.1385,269.69295,1.343354,2009/7/18 13:00
222.92865,71.7771,294.70575,2.059785,2009/7/18 14:00
10.71375,10.37775,21.0915,2.196975,2009/7/18 19:00
70.44105,15.32745,85.7685,2.146536,2009/7/18 20:00
112.69875,122.9445,235.64325,0.530363,2009/7/21 19:00
437.47095,213.2865,650.75745,0.875645,2009/7/21 20:00
0,8.7375,8.7375,1.423926,2009/7/24 4:30
111.585,95.0115,206.5965,2.141192,2009/7/24 5:30
142.02465,161.72565,303.7503,2.587117,2009/7/24 17:30
388.04445,203.27445,591.3189,3.097,2009/7/24 18:30
63.8526,61.17795,125.03055,0.486337,2009/8/10 4:45
1.8699,16.56015,18.43005,0.412033,2009/8/10 5:45
50.6229,41.02095,91.64385,3.44,2009/8/15 8:30
27.4422,11.54565,38.98785,3.24,2009/8/15 9:30
12.123,7.6263,19.7493,2.186,2009/8/17 8:15
1.2741,2.9739,4.248,1.456495,2009/8/17 11:15
0,1.3515,1.3515,1.527,2009/8/19 20:15
252.17745,152.4267,404.60415,6.204,2009/8/20 9:15
210.04845,115.8294,325.87785,5.804,2009/8/20 10:15
188.3355,47.6283,235.9638,5.404,2009/8/20 11:15
105.6162,44.3331,149.9493,5.204,2009/8/20 14:15
23.1018,14.226,37.3278,3.204,2009/8/20 16:15
0,0.98085,0.98085,0.988237,2009/8/27 19:00
27.4311,7.12245,34.55355,2.016,2009/8/27 20:00
0.2052,0,0.2052,0.416,2009/8/27 21:00
0,0.6951,0.6951,2.932,2009/9/2 23:15
314.94075,178.7418,493.68255,8.866,2009/9/3 0:15
1.11495,14.76765,15.8826,8.666,2009/9/3 1:15
43.899,45.13035,89.02935,8.066,2009/9/3 2:15
0,5.62845,5.62845,6.7,2009/9/3 4:15
124.8471,112.3995,237.2466,7.866,2009/9/3 5:15
18.0336,33.23415,51.26775,7.566,2009/9/3 6:15
0,17.412,17.412,5.944,2009/9/3 8:15
0,4.4181,4.4181,5.674,2009/9/3 9:15
0,1.0881,1.0881,3.050821,2009/9/4 4:15
0,8.097,8.097,4.435791,2009/9/4 5:15
0,0.15,0.15,4.035791,2009/9/4 6:15
205.75755,148.85265,354.6102,8.636,2009/9/4 7:15
176.10375,127.76625,303.87,8.336,2009/9/4 8:15
0,1.557,1.557,6.636,2009/9/4 9:15
9.504,27.6474,37.1514,3.226416,2009/11/1 12:15
174.7023,146.0934,320.7957,8.226416,2009/11/1 13:15
627.5205,388.53465,1016.05515,12.226416,2009/11/1 14:15
670.6617,435.2661,1105.9278,12.226416,2009/11/1 15:15
610.30365,348.288,958.59165,11.226416,2009/11/1 16:15
150.5199,158.1165,308.6364,10.354,2009/11/1 17:15
0.73995,10.39155,11.1315,9.354,2009/11/1 18:15
0,0.3,0.3,7.354,2009/11/1 19:15
0,0.3513,0.3513,0.975,2009/11/13 6:00
19.7175,26.3097,46.0272,3.875,2009/11/13 23:30
146.11065,123.8667,269.97735,8.116,2009/11/14 2:30
419.96865,190.9563,610.92495,9.116,2009/11/14 3:30
188.3742,148.32285,336.69705,8.894654,2009/11/19 4:45
271.9656,174.75975,446.72535,10.165262,2009/11/19 5:45
251.09685,201.35595,452.4528,12.115517,2009/11/19 6:45
53.82465,46.3212,100.14585,11.55,2009/11/19 7:45
19.8537,41.23845,61.09215,11.05,2009/11/19 8:45
0.5502,25.0998,25.65,10.55,2009/11/19 10:45
4.2885,53.7942,58.0827,10.12,2009/11/19 11:45
6.6816,24.3663,31.0479,11.55,2009/11/19 12:45
7.6539,40.248,47.9019,11.55,2009/11/19 13:45
41.8572,64.37175,106.22895,12.55,2009/11/19 14:45
0,11.0226,11.0226,11.55,2009/11/19 15:45
0,17.21055,17.21055,10.95,2009/11/19 16:45
3.9828,8.4951,12.4779,6.763,2009/11/20 2:45
183.63225,119.5662,303.19845,6.934,2009/11/22 20:45
45.72525,3.6915,49.41675,4.934,2009/11/22 21:45
88.93545,74.56125,163.4967,8.016,2009/11/24 18:00
98.84775,41.85675,140.7045,8.016,2009/11/24 19:00
220.665,112.1805,332.8455,8.228,2009/11/25 9:00
0,0.15,0.15,7.028,2009/11/25 11:00
34.0323,22.9833,57.0156,7.228,2009/11/25 12:00
0,0.87285,0.87285,7.008,2009/11/25 17:00
111.9186,72.79095,184.70955,7.928,2009/11/25 18:00
1.44645,6.24765,7.6941,4.168,2010/1/24 7:00
15.80415,13.11195,28.9161,4.568,2010/1/24 8:00
5.7999,8.8902,14.6901,4.268,2010/1/24 9:00
0,0.237,0.237,3.722,2010/2/6 0:00
0,0.9585,0.9585,3.722,2010/2/6 1:00
0,3.1407,3.1407,3.922,2010/2/6 2:00
75.45645,42.25875,117.7152,1.376181,2010/2/24 20:45
83.95245,2.29365,86.2461,1.361796,2010/2/24 21:45
50.2473,42.3495,92.5968,1.337606,2010/2/25 22:45
0,1.4127,1.4127,0.705,2010/2/25 23:45
0,1.2243,1.2243,3.915832,2010/2/26 1:45
0,0.31065,0.31065,5.712006,2010/2/26 6:45
0,0.94935,0.94935,6.359903,2010/2/26 7:45
3.42015,27.9426,31.36275,2.284999,2010/2/27 12:45
241.61565,185.8134,427.42905,4.029,2010/2/27 13:45
187.713,161.55585,349.26885,4.029,2010/2/27 14:45
34.5258,69.80745,104.33325,3.055659,2010/2/27 15:45
1.0209,7.7298,8.7507,2.055659,2010/2/27 16:45
0,0.582,0.582,2.095,2010/2/28 9:45
0,2.1132,2.1132,2.095,2010/2/28 10:45
112.0968,85.36635,197.46315,4.649,2010/3/26 1:45
176.6787,120.92235,297.60105,5.549,2010/3/26 2:45
385.6392,212.87385,598.51305,6.349,2010/3/26 3:45
0,20.90865,20.90865,5.009,2010/3/26 4:45
6.1674,1.8042,7.9716,1.134,2010/3/28 14:15
0,1.5207,1.5207,1.124,2010/3/28 19:15
2.48505,9.03345,11.5185,1.234,2010/3/29 22:15
6.94185,43.32435,50.2662,1.534,2010/3/29 23:15
0,4.242,4.242,4.141951,2010/3/30 0:15
0,4.4727,4.4727,4.052907,2010/3/30 1:15
0,1.419,1.419,3.758049,2010/3/30 2:15
0,7.3866,7.3866,3.044894,2010/3/30 7:15
0,2.6238,2.6238,2.922562,2010/3/30 8:15
0,2.39745,2.39745,2.695663,2010/3/30 10:15
0.9531,21.64305,22.59615,8.539914,2010/3/30 11:15
0,3.55965,3.55965,8.239914,2010/3/30 16:15
157.31805,148.1856,305.50365,14.22,2010/3/30 17:15
259.92435,195.0825,455.00685,16.22,2010/3/30 18:15
99.0807,103.911,202.9917,13.22,2010/3/30 19:15
0,0.56775,0.56775,11.22,2010/3/30 20:15
0,2.5959,2.5959,1.380175,2010/3/31 12:15
89.72205,101.7288,191.45085,4.457,2010/3/31 13:15
340.6026,233.6979,574.3005,6.457,2010/3/31 14:15
446.106,265.2771,711.3831,8.457,2010/3/31 15:15
305.12655,204.2226,509.34915,9.457,2010/3/31 16:15
66.942,76.7862,143.7282,8.457,2010/3/31 17:15
0,0.3,0.3,0.36,2010/5/5 23:15
0,0.96435,0.96435,0.262,2010/5/12 7:15
4.6734,20.13345,24.80685,0.362,2010/5/12 8:15
0,4.1739,4.1739,0.251,2010/5/14 2:30
12.4362,22.3206,34.7568,0.272,2010/5/26 5:00
569.83575,260.47065,830.3064,0.310561,2010/5/26 6:00
57.90435,1.31295,59.2173,0.210561,2010/5/26 7:00
19.35285,5.2377,24.59055,0.251452,2010/5/30 1:00
150.91095,94.3023,245.21325,0.354,2010/5/30 2:00
10.7154,3.5859,14.3013,0.359,2010/6/5 17:30
11.8902,0.15,12.0402,0.359,2010/6/5 18:30
10.4286,19.13385,29.56245,0.314215,2010/7/4 8:00
38.934,32.55135,71.48535,0.319891,2010/7/4 9:00
0,2.4318,2.4318,0.286958,2010/7/4 12:00
0.7929,0.495,1.2879,0.31805,2010/7/4 13:00
300.91605,176.86995,477.786,0.501606,2010/7/4 14:00
21.62745,0.29085,21.9183,0.53464,2010/7/4 15:00
154.82835,102.5412,257.36955,0.329,2010/7/12 14:15
62.94915,3.2415,66.19065,0.248943,2010/7/12 15:15
175.90125,120.00855,295.9098,0.834279,2010/7/14 5:45
278.5113,205.76805,484.27935,1.084356,2010/7/14 6:45
259.60605,124.7559,384.36195,1.217961,2010/7/14 7:45
0.2634,5.9496,6.213,1.027128,2010/7/14 8:45
0.2634,0.4884,0.7518,0.826516,2010/7/14 9:45
400.10475,244.5231,644.62785,1.268443,2010/7/14 18:45
489.60465,232.45605,722.0607,1.496356,2010/7/14 19:45
12.0726,7.46535,19.53795,1.833586,2010/7/14 20:45
180.3273,113.2908,293.6181,2.116862,2010/7/14 21:45
10.1607,15.0375,25.1982,1.320837,2010/7/14 22:45
0,5.2629,5.2629,1.065,2010/7/15 0:45
48.8805,22.6908,71.5713,1.507,2010/7/16 6:45
440.66595,338.58975,779.2557,0.713521,2010/7/21 1:45
543.70785,311.52315,855.231,0.972813,2010/7/21 2:45
40.8249,16.9473,57.7722,1.601628,2010/7/21 12:45
0,4.27275,4.27275,2.823748,2010/7/21 14:45
270.5139,140.69805,411.21195,7.600576,2010/7/21 15:45
0,0.48,0.48,6.733123,2010/7/22 3:45
44.8479,27.0471,71.895,2.238,2010/7/22 4:45
0,1.50885,1.50885,0.437605,2010/8/1 14:15
10.6662,1.79985,12.46605,0.454474,2010/8/1 15:15
44.5824,20.187,64.7694,1.0433,2010/8/2 0:15
11.5686,0.7452,12.3138,1.092299,2010/8/2 1:15
166.7601,54.7119,221.472,0.505604,2010/8/21 18:45
0,5.51235,5.51235,0.542729,2010/8/23 15:45
73.4406,32.94375,106.38435,0.707145,2010/8/23 16:45
0,1.1796,1.1796,0.302322,2010/9/19 5:00
88.7604,42.0588,130.8192,0.572403,2010/9/19 7:00
5.11455,34.0632,39.17775,1.865,2010/9/22 23:45
395.46645,199.0296,594.49605,7.507,2010/9/23 0:45
426.18555,312.51465,738.7002,8.707,2010/9/23 1:45
441.28305,226.33125,667.6143,6.807,2010/9/23 2:45
26.34645,23.66235,50.0088,5.707,2010/9/23 6:45
9.53565,18.85065,28.3863,5.707,2010/9/23 7:45
33.8331,67.8066,101.6397,6.107,2010/9/23 11:45
208.4631,111.387,319.8501,6.207,2010/9/23 12:45
0,0.3,0.3,3.207,2010/9/23 21:45
54.8091,45.5496,100.3587,5.707,2010/9/23 22:45
0,5.3823,5.3823,5.507,2010/9/23 23:45
0,0.7404,0.7404,1.594,2010/9/29 6:30
0,10.05435,10.05435,2.094,2010/9/29 7:30
100.9083,91.43535,192.34365,3.094,2010/9/29 8:30
0,0.20565,0.20565,0.199183,2010/10/22 7:00
0,0.50565,0.50565,0.199044,2010/10/22 8:00
136.3719,94.46865,230.84055,3.812,2010/10/22 9:00
13.8303,3.49125,17.32155,2.912,2010/10/22 10:00
39.9258,34.67835,74.60415,3.512,2010/10/22 21:00
181.6575,124.5033,306.1608,4.212,2010/10/22 22:00
21.3192,55.9692,77.2884,3.812,2010/10/22 23:00
0,11.418,11.418,3.724,2010/10/23 0:00
0,12.0588,12.0588,3.724,2010/10/23 1:00
4.6029,42.6105,47.2134,3.724,2010/10/23 2:00
5.0901,31.749,36.8391,3.724,2010/10/23 3:00
0,0.52755,0.52755,3.524,2010/10/23 4:00
108.82785,64.09245,172.9203,2.575,2010/10/29 8:15
76.83345,10.41525,87.2487,2.375,2010/10/29 9:15
0,0.79995,0.79995,0.505883,2010/11/1 17:00
200.2977,113.60805,313.90575,3.648,2010/11/1 18:00
0,2.3463,2.3463,5.716,2010/11/2 5:00
6.5259,5.4267,11.9526,5.716,2010/11/2 6:00
0,0.3,0.3,2.216,2010/11/2 17:00
131.90565,60.71355,192.6192,3.583,2010/11/5 18:15
31.27485,8.95605,40.2309,2.583,2010/11/5 19:15
2.8014,6.66,9.4614,3.25,2010/11/6 14:15
33.20415,40.6386,73.84275,4.75,2010/11/6 15:15
122.71395,126.79665,249.5106,5.25,2010/11/6 16:15
4.9674,21.01575,25.98315,4.25,2010/11/6 17:15
0,5.5302,5.5302,4.15,2010/11/6 20:15
90.0561,36.2736,126.3297,4.45,2010/11/6 21:15
0.3,10.8132,11.1132,4.558,2010/11/11 19:00
0,3.6015,3.6015,4.558,2010/11/11 20:00
30.8349,24.7488,55.5837,4.605,2010/11/14 4:00
49.46985,72.59745,122.0673,6.605,2010/11/14 9:00
47.88555,24.5769,72.46245,5.605,2010/11/14 10:00
0,8.16345,8.16345,4.505,2010/11/14 11:00
0,0.9132,0.9132,1.292,2010/12/9 14:15
0,4.4043,4.4043,2.192,2010/12/9 15:15
0,6.2892,6.2892,2.192,2010/12/9 16:15
0,0.6357,0.6357,2.192,2010/12/9 17:15
0,1.3272,1.3272,2.192,2010/12/9 19:15
0,10.2465,10.2465,3.192,2010/12/9 22:15
22.2768,102.9258,125.2026,4.192,2010/12/9 23:15
116.38335,142.16445,258.5478,5.64,2010/12/10 0:15
100.46175,145.9857,246.44745,5.64,2010/12/10 1:15
183.5703,180.2337,363.804,6.64,2010/12/10 2:15
158.38425,169.503,327.88725,7.64,2010/12/10 3:15
169.5414,188.2263,357.7677,7.64,2010/12/10 4:15
356.7198,251.96595,608.68575,8.64,2010/12/10 5:15
438.585,269.93295,708.51795,9.64,2010/12/10 6:15
495.41925,289.28625,784.7055,10.64,2010/12/10 7:15
607.78845,367.04775,974.8362,11.64,2010/12/10 8:15
654.93015,438.17685,1093.107,12.64,2010/12/10 9:15
674.56275,471.90585,1146.4686,12.64,2010/12/10 10:15
676.88895,488.1624,1165.05135,12.64,2010/12/10 11:15
678.258,488.733,1166.991,12.64,2010/12/10 12:15
675.42825,465.32655,1140.7548,12.64,2010/12/10 13:15
671.49225,445.0827,1116.57495,12.64,2010/12/10 14:15
608.61075,356.3241,964.93485,12.64,2010/12/10 15:15
142.03845,246.16785,388.2063,12.04,2010/12/10 16:15
0,176.199,176.199,11.64,2010/12/10 17:15
0,16.93785,16.93785,11.34,2010/12/10 18:15
0,1.5345,1.5345,1.34306,2010/12/27 4:45
0,0.5859,0.5859,1.328719,2010/12/27 5:45
14.2128,23.3187,37.5315,1.358971,2010/12/27 6:45
47.1555,54.5058,101.6613,2.576,2010/12/27 7:45
42.9378,78.75135,121.68915,2.576,2010/12/27 8:45
179.7717,147.61305,327.38475,3.576,2010/12/27 9:45
0,0.2892,0.2892,2.576,2010/12/27 10:45
24.5196,10.4754,34.995,5.628,2011/1/13 5:15
207.55215,149.20965,356.7618,6.931,2011/1/14 4:30
200.99595,52.83225,253.8282,6.531,2011/1/14 5:30
0,0.8463,0.8463,1.447026,2011/2/3 3:15
54.051,43.07385,97.12485,6.579,2011/2/3 16:15
207.27825,151.4172,358.69545,8.279,2011/2/3 17:15
0.73845,3.43545,4.1739,7.279,2011/2/3 18:15
215.265,127.7961,343.0611,8.579,2011/2/3 19:15
12.0699,11.9721,24.042,9.2,2011/2/4 18:15
16.6116,7.5036,24.1152,9.2,2011/2/4 19:15
0,5.6082,5.6082,9.98,2011/2/7 3:15
70.7553,108.8337,179.589,11.48,2011/2/7 4:15
425.3487,275.5419,700.8906,13.48,2011/2/7 5:15
385.28085,233.90655,619.1874,14.48,2011/2/7 6:15
348.60285,206.1669,554.76975,14.48,2011/2/7 7:15
0,1.18575,1.18575,13.48,2011/2/7 8:15
67.77975,72.8466,140.62635,13.48,2011/2/7 9:15
403.58295,231.4761,635.05905,14.48,2011/2/7 10:15
0,2.2248,2.2248,13.48,2011/2/7 11:15
6.6573,16.3161,22.9734,12.48,2011/2/7 13:15
360.2766,249.82065,610.09725,14.48,2011/2/7 14:15
223.512,108.95745,332.46945,14.48,2011/2/7 15:15
5.81415,12.2439,18.05805,1.997,2011/2/17 23:45
170.65695,76.6659,247.32285,3.156,2011/2/18 0:45
0,1.4349,1.4349,1.514,2011/3/10 15:00
109.31205,104.76705,214.0791,3.209,2011/3/12 13:15
476.07825,235.1169,711.19515,3.609,2011/3/12 14:15
7.0248,19.82055,26.84535,2.609,2011/3/12 15:15
5.9856,17.20125,23.18685,6.894,2011/3/14 0:15
159.7242,140.89485,300.61905,7.078,2011/3/14 1:15
0,8.6103,8.6103,7.078,2011/3/14 2:15
0,2.0106,2.0106,7.078,2011/3/14 3:15
25.5069,64.4556,89.9625,7.278,2011/3/14 4:15
0,1.49565,1.49565,7.078,2011/3/14 10:15
36.2613,14.22435,50.48565,7.178,2011/3/14 11:15
0,5.8986,5.8986,7.078,2011/3/14 15:15
0,0.15,0.15,1.022,2011/4/4 10:15
0,0.5217,0.5217,1.022,2011/4/4 11:15
28.6185,12.0636,40.6821,2.011,2011/4/5 3:00
10.76985,21.14745,31.9173,0.574,2011/5/6 23:00
297.80085,121.51185,419.3127,1.637,2011/5/7 0:00
0,0.5967,0.5967,1.037,2011/5/7 1:00
1.5015,0.5085,2.01,0.472,2011/5/12 11:45
0,0.3,0.3,0.471,2011/5/12 12:45
0,10.9371,10.9371,0.92,2011/5/23 7:00
0,2.5776,2.5776,0.72,2011/5/23 8:00
44.9346,35.3016,80.2362,1.12,2011/5/23 10:00
20.2623,5.1936,25.4559,0.477,2011/6/7 14:30
6.3552,0,6.3552,0.457,2011/6/7 15:30
13.7175,3.4299,17.1474,0.475,2011/6/8 15:15
0,7.2423,7.2423,0.465,2011/6/8 17:15
87.3051,18.9387,106.2438,0.565,2011/6/8 18:15
67.0206,15.0378,82.0584,0.507,2011/6/10 15:00
22.1973,16.3626,38.5599,0.553,2011/6/18 7:00
0,0.9309,0.9309,0.301144,2011/6/21 13:15
412.6161,274.17585,686.79195,4.212,2011/6/21 14:15
309.525,133.0227,442.5477,3.912,2011/6/21 15:15
107.2947,112.83825,220.13295,3.812,2011/6/21 16:15
67.251,68.1855,135.4365,3.012,2011/6/21 17:15
582.9384,365.6586,948.597,4.412,2011/6/21 18:15
342.4056,157.5582,499.9638,3.812,2011/6/21 19:15
183.62025,137.46735,321.0876,3.912,2011/6/21 20:15
269.14245,217.78755,486.93,4.012,2011/6/21 21:15
151.7055,43.7736,195.4791,3.412,2011/6/21 22:15
201.7878,144.924,346.7118,3.612,2011/6/21 23:15
323.8341,194.62335,518.45745,3.912,2011/6/22 0:15
142.9182,38.15985,181.07805,3.012,2011/6/22 1:15
0,1.0635,1.0635,2.012,2011/6/22 2:15
0,0.16635,0.16635,0.74,2011/7/8 11:15
47.13,31.22145,78.35145,1.74,2011/7/8 12:15
410.8152,371.58195,782.39715,2.74,2011/7/8 13:15
415.48215,324.19095,739.6731,3.74,2011/7/8 14:15
239.85165,157.431,397.28265,3.04,2011/7/8 15:15
487.69305,354.2451,841.93815,3.44,2011/7/8 17:15
60.31275,38.1714,98.48415,2.84,2011/7/8 18:15
14.79105,4.0944,18.88545,1.94,2011/7/9 12:15
7.1982,1.3341,8.5323,1.74,2011/7/9 13:15
3.50895,4.35705,7.866,1.74,2011/7/9 14:15
114.1662,116.9715,231.1377,2.74,2011/7/9 15:15
181.2723,44.59095,225.86325,2.64,2011/7/9 16:15
30.1761,28.5351,58.7112,1.64,2011/7/9 17:15
33.6021,8.7204,42.3225,1.221,2011/7/10 14:45
5.28945,15.7146,21.00405,1.121,2011/7/10 17:45
154.12395,41.2986,195.42255,1.421,2011/7/10 18:45
0,2.0178,2.0178,4.748,2011/7/16 4:45
107.8326,91.68405,199.51665,7.048,2011/7/16 7:45
14.7156,1.31475,16.03035,6.748,2011/7/16 8:45
0,0.7074,0.7074,4.748,2011/7/16 10:45
188.7741,103.0212,291.7953,8.248,2011/7/16 11:45
16.05225,34.0749,50.12715,7.748,2011/7/16 16:45
248.33205,88.9821,337.31415,8.748,2011/7/16 17:45
160.4922,109.7883,270.2805,8.048,2011/7/16 19:45
100.8666,40.41345,141.28005,7.748,2011/7/16 20:45
332.75655,210.9849,543.74145,8.948,2011/7/16 21:45
51.90045,34.18755,86.088,7.748,2011/7/16 22:45
214.59915,147.5214,362.12055,4.587,2011/7/17 1:45
155.96925,41.6238,197.59305,4.087,2011/7/17 2:45
31.161,11.1282,42.2892,3.787,2011/7/17 9:45
0,1.2684,1.2684,3.587,2011/7/20 6:30
96.1473,83.68485,179.83215,4.087,2011/7/28 13:15
147.627,33.48105,181.10805,4.187,2011/7/28 14:15
12.2493,5.0631,17.3124,1.122,2011/8/2 5:30
3.3279,0,3.3279,0.922,2011/8/2 6:30
0,0.831,0.831,0.160813,2011/8/6 17:00
0,2.1195,2.1195,0.360813,2011/8/6 18:00
58.5498,60.14925,118.69905,2.041,2011/8/6 19:00
141.5208,92.70525,234.22605,2.241,2011/8/6 20:00
0,1.4091,1.4091,2.041,2011/8/6 22:00
52.87545,54.26115,107.1366,4.761,2011/8/7 5:00
86.23635,94.77135,181.0077,5.861,2011/8/7 6:00
0,0.4236,0.4236,5.761,2011/8/7 7:00
0,0.15,0.15,5.761,2011/8/7 8:00
0,2.85255,2.85255,6.393,2011/8/10 10:00
84.0456,65.80215,149.84775,8.993,2011/8/10 11:00
45.6708,63.8445,109.5153,8.393,2011/8/10 19:00
477.4026,278.1834,755.586,10.293,2011/8/10 20:00
632.2287,402.9096,1035.1383,11.393,2011/8/10 21:00
676.2657,483.73665,1160.00235,11.393,2011/8/10 22:00
527.9331,331.48575,859.41885,12.693,2011/8/10 23:00
0,74.09565,74.09565,12.393,2011/8/11 0:00
0,4.9722,4.9722,12.1,2011/8/11 1:00
119.28225,127.1193,246.40155,12.2,2011/8/11 2:00
234.38895,149.8128,384.20175,12.4,2011/8/11 3:00
336.01455,258.25065,594.2652,13.1,2011/8/11 4:00
617.8221,382.6422,1000.4643,14.1,2011/8/11 5:00
192.2799,143.61585,335.89575,13.8,2011/8/11 6:00
188.2143,160.4187,348.633,13.9,2011/8/11 7:00
0.16545,21.33795,21.5034,13.5,2011/8/11 8:00
338.5737,224.0931,562.6668,14.1,2011/8/11 9:00
394.2288,252.9255,647.1543,14.1,2011/8/11 10:00
201.5532,178.02165,379.57485,13.9,2011/8/11 11:00
596.8083,381.73605,978.54435,15.1,2011/8/11 12:00
397.3635,208.48065,605.84415,14.1,2011/8/11 13:00
0,1.97565,1.97565,13.1,2011/8/11 14:00
148.0173,49.6467,197.664,2.179,2011/8/16 16:30
253.3755,219.86805,473.24355,3.579,2011/8/16 17:30
486.6252,268.92825,755.55345,4.82,2011/8/16 18:30
0,3.46425,3.46425,0.555,2011/8/25 15:00
58.5015,11.77065,70.27215,1.555,2011/8/25 16:00
0,1.20285,1.20285,0.487,2011/8/26 12:00
196.8954,102.67185,299.56725,1.487,2011/8/26 13:00
3.4896,0.15,3.6396,1.587,2011/8/26 14:00
13.671,3.6729,17.3439,0.603,2011/8/27 18:45
43.4673,8.4363,51.9036,0.455,2011/9/6 4:15
31.0752,7.677,38.7522,1.019,2011/9/10 4:30
10.0404,0,10.0404,0.819,2011/9/10 5:30
18.83805,5.5002,24.33825,2.403,2011/9/21 12:15
1.38855,0.78075,2.1693,2.303,2011/9/21 13:15
22.1532,5.02215,27.17535,2.403,2011/9/21 14:15
0,1.8444,1.8444,1.011,2011/9/25 20:15
21.8676,3.0546,24.9222,1.911,2011/9/25 21:15
0.18885,7.2285,7.41735,1.506,2011/10/2 6:30
352.40925,243.97725,596.3865,3.606,2011/10/2 7:30
178.1628,59.72325,237.88605,4.206,2011/10/2 8:30
0,0.6936,0.6936,2.397,2011/10/6 7:30
0,0.6051,0.6051,2.397,2011/10/6 8:30
2.58765,9.28485,11.8725,0.517631,2011/10/17 8:45
188.35695,99.7641,288.12105,1.044534,2011/10/17 9:45
0,1.30515,1.30515,2.369659,2011/10/17 10:45
0,3.5409,3.5409,3.732173,2011/10/17 11:45
206.0364,161.24475,367.28115,5.424395,2011/10/17 12:45
643.60335,439.42935,1083.0327,7.213374,2011/10/17 13:45
676.10115,474.59775,1150.6989,8.153622,2011/10/17 14:45
537.2208,340.99785,878.21865,9.253622,2011/10/17 15:45
0,43.4655,43.4655,9.473622,2011/10/17 16:45
0,6.8631,6.8631,9.553622,2011/10/17 17:45
38.49795,11.0013,49.49925,1.254,2011/10/31 20:45
18.32955,0,18.32955,2.254,2011/10/31 21:45
107.4345,52.1514,159.5859,1.802,2011/11/25 9:00
7.9806,0.261,8.2416,2.202,2011/11/25 10:00
0,24.81165,24.81165,0.868106,2011/11/27 0:45
485.8602,266.31045,752.17065,1.341018,2011/11/27 1:45
177.2751,117.8829,295.158,2.597,2011/11/29 11:30
316.5936,160.131,476.7246,3.497,2011/11/29 12:30
1.4916,16.4892,17.9808,3.487,2011/11/29 13:30
12.2067,5.1045,17.3112,3.487,2011/11/29 22:30
0,0.3,0.3,5.797,2011/11/30 17:00
0,0.8841,0.8841,1.878901,2011/12/1 0:00
441.13335,250.11915,691.2525,5.864,2011/12/1 1:00
85.54035,18.62685,104.1672,3.786598,2011/12/1 2:00
6.5433,3.4854,10.0287,4.258,2011/12/3 18:45
0,1.40745,1.40745,0.905,2011/12/6 21:30
26.2623,8.14665,34.40895,1.705,2011/12/6 22:30
155.82075,96.16365,251.9844,2.705,2011/12/8 5:00
154.75095,110.6607,265.41165,3.705,2011/12/8 6:00
1.44,24.0273,25.4673,3.605,2011/12/8 7:00
0,13.23405,13.23405,3.505,2011/12/8 8:00
0,0.6648,0.6648,2.705,2011/12/8 18:00
0.3,2.3097,2.6097,2.705,2011/12/8 19:00
0,0.15,0.15,4.053,2011/12/13 19:00
2.92635,8.6457,11.57205,4.553,2011/12/13 20:00
33.9429,27.57555,61.51845,5.553,2011/12/13 21:00
49.97385,38.41755,88.3914,5.553,2011/12/13 22:00
0,0.6,0.6,5.519,2011/12/14 4:00
124.4352,104.93415,229.36935,5.819,2011/12/14 5:00
65.3709,43.16175,108.53265,5.829,2011/12/14 6:00
0,4.3182,4.3182,4.069,2011/12/28 12:15
22.8885,7.3827,30.2712,4.969,2011/12/28 14:15
0,0.2076,0.2076,1.096,2011/12/30 13:00
296.3535,174.6207,470.9742,3.696,2011/12/30 14:00
19.5942,25.5147,45.1089,2.996,2011/12/30 15:00
0,0.3,0.3,2.068833,2012/1/3 4:15
0,9.4623,9.4623,5.811928,2012/1/4 19:30
0,7.1613,7.1613,6.058963,2012/1/4 20:30
0,0.7053,0.7053,1.109839,2012/1/19 12:45
0,0.4053,0.4053,1.17767,2012/1/19 13:45
142.224,153.8235,296.0475,0.520972,2012/6/9 19:00
383.9328,171.6051,555.5379,1.567,2012/6/9 20:00
46.3695,52.4928,98.8623,1.589,2012/6/9 21:00
216.8463,149.2983,366.1446,2.386,2012/6/9 22:00
0,3.4062,3.4062,2.31,2012/6/9 23:00
0,8.5908,8.5908,2.045,2012/6/16 1:15
302.7993,201.0168,503.8161,7.51,2012/6/16 12:15
332.3511,162.65565,495.00675,10.51,2012/6/16 13:15
64.27065,59.21535,123.486,12.51,2012/6/16 14:15
52.31385,65.1534,117.46725,12.51,2012/6/16 15:15
0,4.0971,4.0971,11.91,2012/6/16 16:15
206.9634,200.27715,407.24055,12.41,2012/6/16 17:15
526.2924,274.83765,801.13005,13.51,2012/6/16 18:15
0,13.7388,13.7388,11.01,2012/6/16 19:15
0,4.2921,4.2921,9.845,2012/6/16 20:15
0,2.0856,2.0856,5.923,2012/6/17 7:15
0,0.15,0.15,5.723,2012/6/17 8:15
0,1.1955,1.1955,5.923,2012/6/17 10:15
464.8497,430.12455,894.97425,5.491617,2012/7/4 15:00
455.25105,328.6992,783.95025,7.295,2012/7/4 16:00
517.66095,344.6838,862.34475,9.295,2012/7/4 17:00
0,12.68745,12.68745,7.295,2012/7/4 18:00
5.4,14.7534,20.1534,7.295,2012/7/4 19:00
0,6.7881,6.7881,2.062241,2012/7/6 7:45
106.8591,20.3496,127.2087,4.062241,2012/7/6 8:45
39.5694,10.9143,50.4837,4.813451,2012/7/6 22:45
341.1579,277.29,618.4479,10.13,2012/7/7 5:45
678.2607,488.91705,1167.17775,12.53,2012/7/7 6:45
614.63205,362.877,977.50905,14.03,2012/7/7 7:45
256.33995,239.3238,495.66375,16.243,2012/7/7 8:45
174.91125,147.7791,322.69035,17.53,2012/7/7 9:45
137.4924,164.2698,301.7622,18.53,2012/7/7 10:45
8.84625,32.03865,40.8849,17.53,2012/7/7 11:45
0,0.1893,0.1893,4.056314,2012/7/9 3:15
85.7607,87.5976,173.3583,5.070728,2012/7/9 4:15
92.6022,46.49445,139.09665,6.663224,2012/7/9 5:15
30.4821,49.60245,80.08455,8.333592,2012/7/9 6:15
0,1.05,1.05,8.233592,2012/7/9 7:15
0,1.5975,1.5975,7.943102,2012/7/9 9:15
1.2327,3.7164,4.9491,5.087295,2012/7/11 7:45
178.7388,148.92375,327.66255,6.491,2012/7/11 8:45
50.3274,30.64575,80.97315,6.991,2012/7/11 9:45
58.8795,56.718,115.5975,5.391,2012/7/18 2:15
81.2514,74.5449,155.7963,5.991,2012/7/18 3:15
0,2.2296,2.2296,6.291,2012/7/18 4:15
385.46055,294.07155,679.5321,7.291,2012/7/18 5:15
661.33185,410.5194,1071.85125,8.491,2012/7/18 6:15
192.825,134.69355,327.51855,8.291,2012/7/18 7:15
0,16.62255,16.62255,8.091,2012/7/18 8:15
329.4291,194.3916,523.8207,9.291,2012/7/18 9:15
0,14.54325,14.54325,8.691,2012/7/18 10:15
48.2955,51.92775,100.22325,9.691,2012/7/18 15:15
221.3916,92.44485,313.83645,9.891,2012/7/18 16:15
48.1092,71.00895,119.11815,10.091,2012/7/18 17:15
12.5523,13.39125,25.94355,9.891,2012/7/18 18:15
114.1452,50.7129,164.8581,4.146,2012/7/23 13:00
0,7.0611,7.0611,4.126,2012/7/23 19:00
18.6675,13.9875,32.655,4.246,2012/7/23 20:00
1.0605,1.0875,2.148,4.246,2012/7/28 13:00
76.6218,46.19655,122.81835,5.246,2012/7/28 16:00
85.047,25.75725,110.80425,5.246,2012/7/28 17:00
0,0.6,0.6,1.328,2012/7/31 21:45
85.8855,33.6252,119.5107,1.764,2012/8/5 9:30
148.0221,93.6009,241.623,2.764,2012/8/5 13:30
163.8459,116.34915,280.19505,2.514,2012/8/6 6:30
216.9648,62.57415,279.53895,3.514,2012/8/6 7:30
0,8.14965,8.14965,3.214,2012/8/6 17:30
559.81935,319.73835,879.5577,4.914,2012/8/6 18:30
211.61355,120.9723,332.58585,4.388821,2012/8/6 19:30
0,4.6515,4.6515,0.637,2012/8/15 18:15
0,0.54825,0.54825,0.622,2012/8/19 15:15
0,3.54825,3.54825,0.652,2012/8/19 16:15
17.1984,5.3478,22.5462,1.024505,2012/8/21 15:15
4.9638,0,4.9638,1.168,2012/8/21 16:15
0,14.9658,14.9658,0.494409,2012/8/29 12:00
325.87515,195.9528,521.82795,1.832518,2012/8/29 13:00
387.66135,170.2485,557.90985,2.462174,2012/8/29 14:00
0,0.5829,0.5829,3.179467,2012/8/29 15:00
68.2893,104.4663,172.7556,3.70075,2012/8/29 16:00
390.0204,183.7866,573.807,4.658147,2012/8/29 17:00
51.71415,64.40385,116.118,0.73598,2012/9/20 16:00
68.6982,106.53495,175.23315,1.43598,2012/9/20 17:00
426.5838,248.22555,674.80935,2.555,2012/9/20 18:00
15.94545,9.59565,25.5411,2.655,2012/9/20 19:00
30.8766,8.9046,39.7812,4.47,2012/9/24 13:15
277.1055,133.9323,411.0378,5.216,2012/9/26 5:15
0,14.9382,14.9382,6.016,2012/9/26 19:15
323.1438,142.9344,466.0782,8.036,2012/9/26 20:15
13.1469,49.3779,62.5248,8.216,2012/10/11 17:30
1.5102,14.4495,15.9597,8.226,2012/10/11 18:30
0,17.931,17.931,8.216,2012/10/11 19:30
63.63945,107.2455,170.88495,8.516,2012/10/11 20:30
3.61695,5.0736,8.69055,8.416,2012/10/11 21:30
0,3.474,3.474,8.216,2012/10/11 22:30
68.3739,77.16255,145.53645,9.016,2012/10/11 23:30
471.4896,277.43775,748.92735,2.169257,2012/10/12 0:30
371.10105,216.7476,587.84865,3.804509,2012/10/12 1:30
12.20985,85.47705,97.6869,4.394914,2012/10/12 2:30
85.4784,124.13985,209.61825,5.072155,2012/10/12 3:30
73.45155,122.9109,196.36245,6.121097,2012/10/12 4:30
104.8479,146.853,251.7009,7.090182,2012/10/12 5:30
603.4104,341.15745,944.56785,8.159064,2012/10/12 6:30
285.04005,152.93505,437.9751,8.170836,2012/10/12 7:30
0,1.39215,1.39215,1.985852,2012/10/16 6:00
76.0473,98.2179,174.2652,2.704063,2012/10/16 7:00
32.8164,80.0022,112.8186,3.555024,2012/10/16 8:00
0,4.26855,4.26855,4.458946,2012/10/16 9:00
33.03525,44.4573,77.49255,5.312416,2012/10/17 10:00
199.2771,144.47595,343.75305,7.730195,2012/10/17 11:00
7.89825,14.33025,22.2285,7.863451,2012/10/17 12:00
15.44325,15.5379,30.98115,7.918351,2012/10/17 16:00
149.85975,119.1384,268.99815,9.137047,2012/10/17 17:00
13.46655,19.9638,33.43035,9.587675,2012/10/17 19:00
137.22645,66.9945,204.22095,10.187223,2012/10/17 20:00
0,9.78345,9.78345,3.564332,2012/10/18 22:00
538.0617,323.9772,862.0389,6.187037,2012/10/18 23:00
0,0.26325,0.26325,6.996472,2012/10/19 0:00
0,0.3,0.3,1.437688,2012/10/31 12:30
72.5562,70.1499,142.7061,1.912347,2012/10/31 13:30
7.6362,12.0516,19.6878,2.069295,2012/10/31 14:30
0,0.3207,0.3207,1.164852,2012/11/14 4:45
0,3.59595,3.59595,1.681468,2012/11/22 9:15
59.72355,18.4398,78.16335,2.154303,2012/11/22 10:15
106.82655,109.26345,216.09,4.168504,2012/11/22 11:15
50.2341,35.7591,85.9932,4.268504,2012/11/22 12:15
0,0.3,0.3,4.258504,2012/11/22 13:15
0,0.65115,0.65115,2.082322,2012/11/23 2:15
16.5795,4.15095,20.73045,2.995841,2012/11/23 3:15
0,0.6732,0.6732,2.755315,2012/11/23 11:15
0,1.0425,1.0425,2.725945,2012/11/25 6:00
57.2121,55.2702,112.4823,0.974957,2012/11/30 21:00
0,0.15,0.15,1.42627,2012/11/30 22:00
0,1.0353,1.0353,1.838787,2012/12/19 22:15
40.2747,43.4598,83.7345,1.803582,2012/12/20 5:15
48.3114,35.1219,83.4333,1.79654,2012/12/20 6:15
0,0.7761,0.7761,1.785083,2012/12/20 14:15
15.4488,49.7544,65.2032,2.062321,2012/12/20 15:15
104.30145,126.7107,231.01215,2.997121,2012/12/20 16:15
147.5256,157.06335,304.58895,3.894309,2012/12/20 17:15
123.0483,123.6339,246.6822,5.001754,2012/12/20 18:15
1.90755,11.71215,13.6197,5.590395,2012/12/20 19:15
61.21995,68.65035,129.8703,6.091703,2012/12/21 3:15
393.63855,206.20785,599.8464,6.389654,2012/12/21 4:15
1.9929,29.1147,31.1076,6.699728,2012/12/21 5:15
0,13.7475,13.7475,6.902119,2012/12/21 6:15
0,1.1868,1.1868,7.003994,2012/12/21 7:15
0,3.5193,3.5193,3.026868,2012/12/22 9:15
1.2141,16.2231,17.4372,3.077932,2012/12/22 10:15
74.19885,104.7543,178.95315,3.21811,2012/12/22 11:15
387.21975,259.6242,646.84395,3.442445,2012/12/22 12:15
540.85965,322.0119,862.87155,3.858478,2012/12/22 13:15
322.17495,185.2983,507.47325,4.201648,2012/12/22 14:15
40.7136,49.51755,90.23115,4.391729,2012/12/22 16:15
206.58795,185.31225,391.9002,4.417448,2012/12/22 17:15
292.88985,192.35715,485.247,4.569399,2012/12/22 18:15
377.7678,267.5565,645.3243,4.768017,2012/12/22 19:15
533.2899,296.27445,829.56435,5.017256,2012/12/22 20:15
5.2248,15.138,20.3628,5.360133,2012/12/22 21:15
132.0525,86.1465,218.199,5.482512,2012/12/23 0:15
52.8786,5.6046,58.4832,5.477685,2012/12/23 1:15
16.22805,10.8372,27.06525,5.105223,2012/12/23 6:15
25.18965,7.1982,32.38785,5.277194,2012/12/23 7:15
52.6083,47.65425,100.26255,5.666143,2012/12/23 8:15
8.2311,11.90055,20.13165,5.991225,2012/12/23 9:15
0,0.7518,0.7518,6.397223,2012/12/23 10:15
0,3.5298,3.5298,6.705342,2012/12/23 11:15
68.0346,44.9466,112.9812,3.118859,2012/12/24 15:45
46.9638,41.92275,88.88655,3.289437,2012/12/24 16:45
0.5256,6.55485,7.08045,3.361322,2012/12/24 17:45
46.0713,71.1861,117.2574,1.499507,2012/12/26 18:00
474.45375,270.74085,745.1946,1.8086,2012/12/26 19:00
528.45315,324.321,852.77415,2.418927,2012/12/26 20:00
650.93055,439.69485,1090.6254,3.307768,2012/12/26 21:00
650.83275,417.2049,1068.03765,4.674023,2012/12/26 22:00
628.2708,410.5245,1038.7953,6.059802,2012/12/26 23:00
617.50995,379.9203,997.43025,7.337828,2012/12/27 0:00
325.1052,232.2102,557.3154,8.583293,2012/12/27 1:00
123.77055,166.4859,290.25645,9.575227,2012/12/27 2:00
0,34.9962,34.9962,10.436062,2012/12/27 3:00
61.5363,58.023,119.5593,11.680499,2012/12/27 6:00
0,4.2705,4.2705,11.650569,2012/12/27 8:00
72.9588,48.7299,121.6887,5.980247,2012/12/28 4:15
90.9834,84.9585,175.9419,5.972978,2012/12/28 5:15
19.24155,7.83195,27.0735,3.505286,2012/12/30 14:15
11.98935,0.23145,12.2208,3.487467,2012/12/30 15:15
